[2J[H+----------------+
|................|
|................|
|................|
|...*............|
|................|
|........Ooo.....|
|................|
|................|
|................|
|................|
+----------------+
tick=0  length=3  food eaten=0  interventions=0
(starting)
[2J[H+----------------+
|................|
|................|
|................|
|...*............|
|................|
|........oo......|
|........O.......|
|................|
|................|
|................|
+----------------+
tick=1  length=3  food eaten=0  interventions=0
laya proposed: down, executed: down
risk noul: 0.7601  food noul: 0.7027  probabilities: {"up":0.1271,"down":0.4201,"left":0.2622,"right":0.1906}
[2J[H+----------------+
|................|
|................|
|................|
|...*............|
|................|
|........o.......|
|........oO......|
|................|
|................|
|................|
+----------------+
tick=2  length=3  food eaten=0  interventions=0
laya proposed: right, executed: right
risk noul: 0.7601  food noul: 0.7027  probabilities: {"up":0.2026,"down":0.3326,"left":0.1176,"right":0.3471}
[2J[H+----------------+
|................|
|................|
|................|
|...*............|
|................|
|................|
|........oo......|
|.........O......|
|................|
|................|
+----------------+
tick=3  length=3  food eaten=0  interventions=0
laya proposed: down, executed: down
risk noul: 0.7601  food noul: 0.7027  probabilities: {"up":0.1372,"down":0.3537,"left":0.1893,"right":0.3198}
[2J[H+----------------+
|................|
|................|
|................|
|...*............|
|................|
|................|
|.........o......|
|.........o......|
|.........O......|
|................|
+----------------+
tick=4  length=3  food eaten=0  interventions=0
laya proposed: down, executed: down
risk noul: 0.7601  food noul: 0.7027  probabilities: {"up":0.2065,"down":0.3995,"left":0.2336,"right":0.1605}
[2J[H+----------------+
|................|
|................|
|................|
|...*............|
|................|
|................|
|................|
|.........o......|
|.........oO.....|
|................|
+----------------+
tick=5  length=3  food eaten=0  interventions=0
laya proposed: right, executed: right
risk noul: 0.7601  food noul: 0.7027  probabilities: {"up":0.2026,"down":0.3326,"left":0.1176,"right":0.3471}
[2J[H+----------------+
|................|
|................|
|................|
|...*............|
|................|
|................|
|................|
|................|
|.........oo.....|
|..........O.....|
+----------------+
tick=6  length=3  food eaten=0  interventions=0
laya proposed: down, executed: down
risk noul: 0.7601  food noul: 0.7027  probabilities: {"up":0.1372,"down":0.3537,"left":0.1893,"right":0.3198}
[2J[H+----------------+
|................|
|................|
|................|
|...*............|
|................|
|................|
|................|
|................|
|..........o.....|
|.........Oo.....|
+----------------+
tick=7  length=3  food eaten=0  interventions=0
laya proposed: left, executed: left
risk noul: 0.7601  food noul: 0.7027  probabilities: {"up":0.1574,"down":0.1974,"left":0.5081,"right":0.1371}
[2J[H+----------------+
|................|
|................|
|................|
|...*............|
|................|
|................|
|................|
|................|
|................|
|........Ooo.....|
+----------------+
tick=8  length=3  food eaten=0  interventions=0
laya proposed: left, executed: left
risk noul: 0.7601  food noul: 0.7027  probabilities: {"up":0.1198,"down":0.2742,"left":0.439,"right":0.1671}
[2J[H+----------------+
|................|
|................|
|................|
|...*............|
|................|
|................|
|................|
|................|
|................|
|.......Ooo......|
+----------------+
tick=9  length=3  food eaten=0  interventions=0
laya proposed: left, executed: left
risk noul: 0.7601  food noul: 0.7027  probabilities: {"up":0.1198,"down":0.2742,"left":0.439,"right":0.1671}
[2J[H+----------------+
|................|
|................|
|................|
|...*............|
|................|
|................|
|................|
|................|
|................|
|......Ooo.......|
+----------------+
tick=10  length=3  food eaten=0  interventions=0
laya proposed: left, executed: left
risk noul: 0.7601  food noul: 0.7027  probabilities: {"up":0.1198,"down":0.2742,"left":0.439,"right":0.1671}
[2J[H+----------------+
|................|
|................|
|................|
|...*............|
|................|
|................|
|................|
|................|
|................|
|.....Ooo........|
+----------------+
tick=11  length=3  food eaten=0  interventions=0
laya proposed: left, executed: left
risk noul: 0.7601  food noul: 0.7027  probabilities: {"up":0.1198,"down":0.2742,"left":0.439,"right":0.1671}
[2J[H+----------------+
|................|
|................|
|................|
|...*............|
|................|
|................|
|................|
|................|
|................|
|....Ooo.........|
+----------------+
tick=12  length=3  food eaten=0  interventions=0
laya proposed: left, executed: left
risk noul: 0.7601  food noul: 0.7027  probabilities: {"up":0.1198,"down":0.2742,"left":0.439,"right":0.1671}
[2J[H+----------------+
|................|
|................|
|................|
|...*............|
|................|
|................|
|................|
|................|
|................|
|...Ooo..........|
+----------------+
tick=13  length=3  food eaten=0  interventions=0
laya proposed: left, executed: left
risk noul: 0.7601  food noul: 0.7027  probabilities: {"up":0.1198,"down":0.2742,"left":0.439,"right":0.1671}
[2J[H+----------------+
|................|
|................|
|................|
|...*............|
|................|
|................|
|................|
|................|
|................|
|..Ooo...........|
+----------------+
tick=14  length=3  food eaten=0  interventions=0
laya proposed: left, executed: left
risk noul: 0.7601  food noul: 0.7027  probabilities: {"up":0.1198,"down":0.2742,"left":0.439,"right":0.1671}
[2J[H+----------------+
|................|
|................|
|................|
|...*............|
|................|
|................|
|................|
|................|
|................|
|.Ooo............|
+----------------+
tick=15  length=3  food eaten=0  interventions=0
laya proposed: left, executed: left
risk noul: 0.7601  food noul: 0.7027  probabilities: {"up":0.1198,"down":0.2742,"left":0.439,"right":0.1671}
[2J[H+----------------+
|................|
|................|
|................|
|...*............|
|................|
|................|
|................|
|................|
|................|
|Ooo.............|
+----------------+
tick=16  length=3  food eaten=0  interventions=0
laya proposed: left, executed: left
risk noul: 0.7601  food noul: 0.7027  probabilities: {"up":0.1198,"down":0.2742,"left":0.439,"right":0.1671}
[2J[H+----------------+
|................|
|................|
|................|
|...*............|
|................|
|................|
|................|
|................|
|O...............|
|oo..............|
+----------------+
tick=17  length=3  food eaten=0  interventions=0
laya proposed: up, executed: up
risk noul: 0.7601  food noul: 0.7027  probabilities: {"up":0.5595,"down":0.2428,"left":0.1026,"right":0.0951}
[2J[H+----------------+
|................|
|................|
|................|
|...*............|
|................|
|................|
|................|
|O...............|
|o...............|
|o...............|
+----------------+
tick=18  length=3  food eaten=0  interventions=0
laya proposed: up, executed: up
risk noul: 0.7601  food noul: 0.7027  probabilities: {"up":0.5843,"down":0.2023,"left":0.073,"right":0.1403}
[2J[H+----------------+
|................|
|................|
|................|
|...*............|
|................|
|................|
|O...............|
|o...............|
|o...............|
|................|
+----------------+
tick=19  length=3  food eaten=0  interventions=0
laya proposed: up, executed: up
risk noul: 0.7601  food noul: 0.7027  probabilities: {"up":0.5843,"down":0.2023,"left":0.073,"right":0.1403}
[2J[H+----------------+
|................|
|................|
|................|
|...*............|
|................|
|O...............|
|o...............|
|o...............|
|................|
|................|
+----------------+
tick=20  length=3  food eaten=0  interventions=0
laya proposed: up, executed: up
risk noul: 0.7601  food noul: 0.7027  probabilities: {"up":0.5843,"down":0.2023,"left":0.073,"right":0.1403}
[2J[H+----------------+
|................|
|................|
|................|
|...*............|
|O...............|
|o...............|
|o...............|
|................|
|................|
|................|
+----------------+
tick=21  length=3  food eaten=0  interventions=0
laya proposed: up, executed: up
risk noul: 0.7601  food noul: 0.7027  probabilities: {"up":0.5843,"down":0.2023,"left":0.073,"right":0.1403}
[2J[H+----------------+
|................|
|................|
|................|
|O..*............|
|o...............|
|o...............|
|................|
|................|
|................|
|................|
+----------------+
tick=22  length=3  food eaten=0  interventions=0
laya proposed: up, executed: up
risk noul: 0.7601  food noul: 0.7027  probabilities: {"up":0.5843,"down":0.2023,"left":0.073,"right":0.1403}
[2J[H+----------------+
|................|
|................|
|O...............|
|o..*............|
|o...............|
|................|
|................|
|................|
|................|
|................|
+----------------+
tick=23  length=3  food eaten=0  interventions=0
laya proposed: up, executed: up
risk noul: 0.7601  food noul: 0.7027  probabilities: {"up":0.5843,"down":0.2023,"left":0.073,"right":0.1403}
[2J[H+----------------+
|................|
|................|
|oO..............|
|o..*............|
|................|
|................|
|................|
|................|
|................|
|................|
+----------------+
tick=24  length=3  food eaten=0  interventions=0
laya proposed: right, executed: right
risk noul: 0.7601  food noul: 0.7027  probabilities: {"up":0.1747,"down":0.3369,"left":0.1381,"right":0.3503}
[2J[H+----------------+
|................|
|................|
|ooO.............|
|...*............|
|................|
|................|
|................|
|................|
|................|
|................|
+----------------+
tick=25  length=3  food eaten=0  interventions=0
laya proposed: right, executed: right
risk noul: 0.7601  food noul: 0.7027  probabilities: {"up":0.1254,"down":0.1854,"left":0.1541,"right":0.5352}
[2J[H+----------------+
|................|
|................|
|.ooO............|
|...*............|
|................|
|................|
|................|
|................|
|................|
|................|
+----------------+
tick=26  length=3  food eaten=0  interventions=0
laya proposed: right, executed: right
risk noul: 0.7601  food noul: 0.7027  probabilities: {"up":0.1254,"down":0.1854,"left":0.1541,"right":0.5352}
[2J[H+----------------+
|................|
|................|
|..ooO...........|
|...*............|
|................|
|................|
|................|
|................|
|................|
|................|
+----------------+
tick=27  length=3  food eaten=0  interventions=0
laya proposed: right, executed: right
risk noul: 0.7601  food noul: 0.7027  probabilities: {"up":0.126,"down":0.2637,"left":0.2592,"right":0.351}
[2J[H+----------------+
|................|
|................|
|...oo...........|
|...*O...........|
|................|
|................|
|................|
|................|
|................|
|................|
+----------------+
tick=28  length=3  food eaten=0  interventions=0
laya proposed: down, executed: down
risk noul: 0.7601  food noul: 0.7027  probabilities: {"up":0.1372,"down":0.3537,"left":0.1893,"right":0.3198}
[2J[H+----------------+
|................|
|................|
|...oo...........|
|...Oo...........|
|................|
|................|
|................|
|................|
|........*.......|
|................|
+----------------+
tick=29  length=4  food eaten=1  interventions=0
laya proposed: left, executed: left
risk noul: 0.7601  food noul: 0.7027  probabilities: {"up":0.1454,"down":0.163,"left":0.5455,"right":0.1461}
[2J[H+----------------+
|................|
|................|
|....o...........|
|...oo...........|
|...O............|
|................|
|................|
|................|
|........*.......|
|................|
+----------------+
tick=30  length=4  food eaten=1  interventions=0
laya proposed: down, executed: down
risk noul: 0.7601  food noul: 0.7027  probabilities: {"up":0.1271,"down":0.4201,"left":0.2622,"right":0.1906}
[2J[H+----------------+
|................|
|................|
|................|
|...oo...........|
|...oO...........|
|................|
|................|
|................|
|........*.......|
|................|
+----------------+
tick=31  length=4  food eaten=1  interventions=0
laya proposed: right, executed: right
risk noul: 0.7601  food noul: 0.7027  probabilities: {"up":0.2026,"down":0.3326,"left":0.1176,"right":0.3471}
[2J[H+----------------+
|................|
|................|
|................|
|...o............|
|...oo...........|
|....O...........|
|................|
|................|
|........*.......|
|................|
+----------------+
tick=32  length=4  food eaten=1  interventions=0
laya proposed: down, executed: down
risk noul: 0.7601  food noul: 0.7027  probabilities: {"up":0.1372,"down":0.3537,"left":0.1893,"right":0.3198}
[2J[H+----------------+
|................|
|................|
|................|
|................|
|...oo...........|
|....o...........|
|....O...........|
|................|
|........*.......|
|................|
+----------------+
tick=33  length=4  food eaten=1  interventions=0
laya proposed: down, executed: down
risk noul: 0.7601  food noul: 0.7027  probabilities: {"up":0.2065,"down":0.3995,"left":0.2336,"right":0.1605}
[2J[H+----------------+
|................|
|................|
|................|
|................|
|....o...........|
|....o...........|
|....oO..........|
|................|
|........*.......|
|................|
+----------------+
tick=34  length=4  food eaten=1  interventions=0
laya proposed: right, executed: right
risk noul: 0.7601  food noul: 0.7027  probabilities: {"up":0.2026,"down":0.3326,"left":0.1176,"right":0.3471}
[2J[H+----------------+
|................|
|................|
|................|
|................|
|................|
|....o...........|
|....oo..........|
|.....O..........|
|........*.......|
|................|
+----------------+
tick=35  length=4  food eaten=1  interventions=0
laya proposed: down, executed: down
risk noul: 0.7601  food noul: 0.7027  probabilities: {"up":0.1372,"down":0.3537,"left":0.1893,"right":0.3198}
[2J[H+----------------+
|................|
|................|
|................|
|................|
|................|
|................|
|....oo..........|
|.....o..........|
|.....O..*.......|
|................|
+----------------+
tick=36  length=4  food eaten=1  interventions=0
laya proposed: down, executed: down
risk noul: 0.7601  food noul: 0.7027  probabilities: {"up":0.2065,"down":0.3995,"left":0.2336,"right":0.1605}
[2J[H+----------------+
|................|
|................|
|................|
|................|
|................|
|................|
|.....o..........|
|.....o..........|
|.....oO.*.......|
|................|
+----------------+
tick=37  length=4  food eaten=1  interventions=0
laya proposed: right, executed: right
risk noul: 0.7601  food noul: 0.7027  probabilities: {"up":0.1944,"down":0.2238,"left":0.1638,"right":0.4179}
[2J[H+----------------+
|................|
|................|
|................|
|................|
|................|
|................|
|................|
|.....o..........|
|.....ooO*.......|
|................|
+----------------+
tick=38  length=4  food eaten=1  interventions=0
laya proposed: right, executed: right
risk noul: 0.7601  food noul: 0.7027  probabilities: {"up":0.1254,"down":0.1854,"left":0.1541,"right":0.5352}
[2J[H+----------------+
|................|
|................|
|................|
|................|
|................|
|................|
|................|
|.....o..........|
|*....oooO.......|
|................|
+----------------+
tick=39  length=5  food eaten=2  interventions=0
laya proposed: right, executed: right
risk noul: 0.7601  food noul: 0.7027  probabilities: {"up":0.0823,"down":0.1158,"left":0.097,"right":0.705}
[2J[H+----------------+
|................|
|................|
|................|
|................|
|................|
|................|
|................|
|................|
|*....oooo.......|
|........O.......|
+----------------+
tick=40  length=5  food eaten=2  interventions=0
laya proposed: down, executed: down
risk noul: 0.7601  food noul: 0.7027  probabilities: {"up":0.1372,"down":0.3537,"left":0.1893,"right":0.3198}
[2J[H+----------------+
|................|
|................|
|................|
|................|
|................|
|................|
|................|
|................|
|*.....ooo.......|
|.......Oo.......|
+----------------+
tick=41  length=5  food eaten=2  interventions=0
laya proposed: left, executed: left
risk noul: 0.7601  food noul: 0.7027  probabilities: {"up":0.1574,"down":0.1974,"left":0.5081,"right":0.1371}
[2J[H+----------------+
|................|
|................|
|................|
|................|
|................|
|................|
|................|
|................|
|*......oo.......|
|......Ooo.......|
+----------------+
tick=42  length=5  food eaten=2  interventions=0
laya proposed: left, executed: left
risk noul: 0.7601  food noul: 0.7027  probabilities: {"up":0.1707,"down":0.2211,"left":0.4181,"right":0.1901}
[2J[H+----------------+
|................|
|................|
|................|
|................|
|................|
|................|
|................|
|................|
|*.......o.......|
|.....Oooo.......|
+----------------+
tick=43  length=5  food eaten=2  interventions=0
laya proposed: left, executed: left
risk noul: 0.7601  food noul: 0.7027  probabilities: {"up":0.1198,"down":0.2742,"left":0.439,"right":0.1671}
[2J[H+----------------+
|................|
|................|
|................|
|................|
|................|
|................|
|................|
|................|
|*...............|
|....Ooooo.......|
+----------------+
tick=44  length=5  food eaten=2  interventions=0
laya proposed: left, executed: left
risk noul: 0.7601  food noul: 0.7027  probabilities: {"up":0.1198,"down":0.2742,"left":0.439,"right":0.1671}
[2J[H+----------------+
|................|
|................|
|................|
|................|
|................|
|................|
|................|
|................|
|*...............|
|...Ooooo........|
+----------------+
tick=45  length=5  food eaten=2  interventions=0
laya proposed: left, executed: left
risk noul: 0.7601  food noul: 0.7027  probabilities: {"up":0.1198,"down":0.2742,"left":0.439,"right":0.1671}
[2J[H+----------------+
|................|
|................|
|................|
|................|
|................|
|................|
|................|
|................|
|*...............|
|..Ooooo.........|
+----------------+
tick=46  length=5  food eaten=2  interventions=0
laya proposed: left, executed: left
risk noul: 0.7601  food noul: 0.7027  probabilities: {"up":0.1198,"down":0.2742,"left":0.439,"right":0.1671}
[2J[H+----------------+
|................|
|................|
|................|
|................|
|................|
|................|
|................|
|................|
|*...............|
|.Ooooo..........|
+----------------+
tick=47  length=5  food eaten=2  interventions=0
laya proposed: left, executed: left
risk noul: 0.7601  food noul: 0.7027  probabilities: {"up":0.1198,"down":0.2742,"left":0.439,"right":0.1671}
[2J[H+----------------+
|................|
|................|
|................|
|................|
|................|
|................|
|................|
|................|
|*...............|
|Ooooo...........|
+----------------+
tick=48  length=5  food eaten=2  interventions=0
laya proposed: left, executed: left
risk noul: 0.7601  food noul: 0.7027  probabilities: {"up":0.1198,"down":0.2742,"left":0.439,"right":0.1671}
[2J[H+----------------+
|................|
|...*............|
|................|
|................|
|................|
|................|
|................|
|................|
|O...............|
|ooooo...........|
+----------------+
tick=49  length=6  food eaten=3  interventions=0
laya proposed: up, executed: up
risk noul: 0.7601  food noul: 0.7027  probabilities: {"up":0.5807,"down":0.1678,"left":0.1273,"right":0.1242}
[2J[H+----------------+
|................|
|...*............|
|................|
|................|
|................|
|................|
|................|
|O...............|
|o...............|
|oooo............|
+----------------+
tick=50  length=6  food eaten=3  interventions=0
laya proposed: up, executed: up
risk noul: 0.7601  food noul: 0.7027  probabilities: {"up":0.5843,"down":0.2023,"left":0.073,"right":0.1403}
[2J[H+----------------+
|................|
|...*............|
|................|
|................|
|................|
|................|
|O...............|
|o...............|
|o...............|
|ooo.............|
+----------------+
tick=51  length=6  food eaten=3  interventions=0
laya proposed: up, executed: up
risk noul: 0.7601  food noul: 0.7027  probabilities: {"up":0.5843,"down":0.2023,"left":0.073,"right":0.1403}
[2J[H+----------------+
|................|
|...*............|
|................|
|................|
|................|
|O...............|
|o...............|
|o...............|
|o...............|
|oo..............|
+----------------+
tick=52  length=6  food eaten=3  interventions=0
laya proposed: up, executed: up
risk noul: 0.7601  food noul: 0.7027  probabilities: {"up":0.5843,"down":0.2023,"left":0.073,"right":0.1403}
[2J[H+----------------+
|................|
|...*............|
|................|
|................|
|O...............|
|o...............|
|o...............|
|o...............|
|o...............|
|o...............|
+----------------+
tick=53  length=6  food eaten=3  interventions=0
laya proposed: up, executed: up
risk noul: 0.7601  food noul: 0.7027  probabilities: {"up":0.5843,"down":0.2023,"left":0.073,"right":0.1403}
[2J[H+----------------+
|................|
|...*............|
|................|
|O...............|
|o...............|
|o...............|
|o...............|
|o...............|
|o...............|
|................|
+----------------+
tick=54  length=6  food eaten=3  interventions=0
laya proposed: up, executed: up
risk noul: 0.7601  food noul: 0.7027  probabilities: {"up":0.5843,"down":0.2023,"left":0.073,"right":0.1403}
[2J[H+----------------+
|................|
|...*............|
|O...............|
|o...............|
|o...............|
|o...............|
|o...............|
|o...............|
|................|
|................|
+----------------+
tick=55  length=6  food eaten=3  interventions=0
laya proposed: up, executed: up
risk noul: 0.7601  food noul: 0.7027  probabilities: {"up":0.5843,"down":0.2023,"left":0.073,"right":0.1403}
[2J[H+----------------+
|................|
|O..*............|
|o...............|
|o...............|
|o...............|
|o...............|
|o...............|
|................|
|................|
|................|
+----------------+
tick=56  length=6  food eaten=3  interventions=0
laya proposed: up, executed: up
risk noul: 0.7601  food noul: 0.7027  probabilities: {"up":0.5843,"down":0.2023,"left":0.073,"right":0.1403}
[2J[H+----------------+
|O...............|
|o..*............|
|o...............|
|o...............|
|o...............|
|o...............|
|................|
|................|
|................|
|................|
+----------------+
tick=57  length=6  food eaten=3  interventions=0
laya proposed: up, executed: up
risk noul: 0.7601  food noul: 0.7027  probabilities: {"up":0.5843,"down":0.2023,"left":0.073,"right":0.1403}
[2J[H+----------------+
|oO..............|
|o..*............|
|o...............|
|o...............|
|o...............|
|................|
|................|
|................|
|................|
|................|
+----------------+
tick=58  length=6  food eaten=3  interventions=0
laya proposed: right, executed: right
risk noul: 0.7601  food noul: 0.7027  probabilities: {"up":0.1224,"down":0.212,"left":0.1544,"right":0.5112}
[2J[H+----------------+
|ooO.............|
|o..*............|
|o...............|
|o...............|
|................|
|................|
|................|
|................|
|................|
|................|
+----------------+
tick=59  length=6  food eaten=3  interventions=0
laya proposed: right, executed: right
risk noul: 0.7601  food noul: 0.7027  probabilities: {"up":0.1685,"down":0.1829,"left":0.178,"right":0.4707}
[2J[H+----------------+
|oooO............|
|o..*............|
|o...............|
|................|
|................|
|................|
|................|
|................|
|................|
|................|
+----------------+
tick=60  length=6  food eaten=3  interventions=0
laya proposed: right, executed: right
risk noul: 0.7601  food noul: 0.7027  probabilities: {"up":0.1685,"down":0.1829,"left":0.178,"right":0.4707}
[2J[H+----------------+
|ooooO...........|
|o..*............|
|................|
|................|
|................|
|................|
|................|
|................|
|................|
|................|
+----------------+
tick=61  length=6  food eaten=3  interventions=1
laya proposed: left, executed: right (intervened)
risk noul: 0.7601  food noul: 0.7027  probabilities: {"up":0.1841,"down":0.1864,"left":0.36,"right":0.2695}
[2J[H+----------------+
|oooooO..........|
|...*............|
|................|
|................|
|................|
|................|
|................|
|................|
|................|
|................|
+----------------+
tick=62  length=6  food eaten=3  interventions=1
laya proposed: right, executed: right
risk noul: 0.7601  food noul: 0.7027  probabilities: {"up":0.2125,"down":0.246,"left":0.2607,"right":0.2808}
[2J[H+----------------+
|.oooooO.........|
|...*............|
|................|
|................|
|................|
|................|
|................|
|................|
|................|
|................|
+----------------+
tick=63  length=6  food eaten=3  interventions=1
laya proposed: right, executed: right
risk noul: 0.7601  food noul: 0.7027  probabilities: {"up":0.2125,"down":0.246,"left":0.2607,"right":0.2808}
[2J[H+----------------+
|..oooooO........|
|...*............|
|................|
|................|
|................|
|................|
|................|
|................|
|................|
|................|
+----------------+
tick=64  length=6  food eaten=3  interventions=1
laya proposed: right, executed: right
risk noul: 0.7601  food noul: 0.7027  probabilities: {"up":0.2125,"down":0.246,"left":0.2607,"right":0.2808}
[2J[H+----------------+
|...oooooO.......|
|...*............|
|................|
|................|
|................|
|................|
|................|
|................|
|................|
|................|
+----------------+
tick=65  length=6  food eaten=3  interventions=1
laya proposed: right, executed: right
risk noul: 0.7601  food noul: 0.7027  probabilities: {"up":0.2125,"down":0.246,"left":0.2607,"right":0.2808}
[2J[H+----------------+
|....oooooO......|
|...*............|
|................|
|................|
|................|
|................|
|................|
|................|
|................|
|................|
+----------------+
tick=66  length=6  food eaten=3  interventions=1
laya proposed: right, executed: right
risk noul: 0.7601  food noul: 0.7027  probabilities: {"up":0.2125,"down":0.246,"left":0.2607,"right":0.2808}
[2J[H+----------------+
|.....oooooO.....|
|...*............|
|................|
|................|
|................|
|................|
|................|
|................|
|................|
|................|
+----------------+
tick=67  length=6  food eaten=3  interventions=1
laya proposed: right, executed: right
risk noul: 0.7601  food noul: 0.7027  probabilities: {"up":0.2125,"down":0.246,"left":0.2607,"right":0.2808}
[2J[H+----------------+
|......oooooO....|
|...*............|
|................|
|................|
|................|
|................|
|................|
|................|
|................|
|................|
+----------------+
tick=68  length=6  food eaten=3  interventions=1
laya proposed: right, executed: right
risk noul: 0.7601  food noul: 0.7027  probabilities: {"up":0.2125,"down":0.246,"left":0.2607,"right":0.2808}
[2J[H+----------------+
|.......oooooO...|
|...*............|
|................|
|................|
|................|
|................|
|................|
|................|
|................|
|................|
+----------------+
tick=69  length=6  food eaten=3  interventions=1
laya proposed: right, executed: right
risk noul: 0.7601  food noul: 0.7027  probabilities: {"up":0.2125,"down":0.246,"left":0.2607,"right":0.2808}
[2J[H+----------------+
|........oooooO..|
|...*............|
|................|
|................|
|................|
|................|
|................|
|................|
|................|
|................|
+----------------+
tick=70  length=6  food eaten=3  interventions=1
laya proposed: right, executed: right
risk noul: 0.7601  food noul: 0.7027  probabilities: {"up":0.2125,"down":0.246,"left":0.2607,"right":0.2808}
[2J[H+----------------+
|.........oooooO.|
|...*............|
|................|
|................|
|................|
|................|
|................|
|................|
|................|
|................|
+----------------+
tick=71  length=6  food eaten=3  interventions=1
laya proposed: right, executed: right
risk noul: 0.7601  food noul: 0.7027  probabilities: {"up":0.2125,"down":0.246,"left":0.2607,"right":0.2808}
[2J[H+----------------+
|..........oooooO|
|...*............|
|................|
|................|
|................|
|................|
|................|
|................|
|................|
|................|
+----------------+
tick=72  length=6  food eaten=3  interventions=1
laya proposed: right, executed: right
risk noul: 0.7601  food noul: 0.7027  probabilities: {"up":0.2125,"down":0.246,"left":0.2607,"right":0.2808}
[2J[H+----------------+
|...........ooooo|
|...*...........O|
|................|
|................|
|................|
|................|
|................|
|................|
|................|
|................|
+----------------+
tick=73  length=6  food eaten=3  interventions=1
laya proposed: down, executed: down
risk noul: 0.7601  food noul: 0.7027  probabilities: {"up":0.2184,"down":0.3199,"left":0.2468,"right":0.2149}
[2J[H+----------------+
|............oooo|
|...*..........Oo|
|................|
|................|
|................|
|................|
|................|
|................|
|................|
|................|
+----------------+
tick=74  length=6  food eaten=3  interventions=1
laya proposed: left, executed: left
risk noul: 0.7601  food noul: 0.7027  probabilities: {"up":0.2036,"down":0.198,"left":0.3799,"right":0.2185}
[2J[H+----------------+
|.............ooo|
|...*.........Ooo|
|................|
|................|
|................|
|................|
|................|
|................|
|................|
|................|
+----------------+
tick=75  length=6  food eaten=3  interventions=1
laya proposed: left, executed: left
risk noul: 0.7601  food noul: 0.7027  probabilities: {"up":0.2036,"down":0.198,"left":0.3799,"right":0.2185}
[2J[H+----------------+
|..............oo|
|...*........Oooo|
|................|
|................|
|................|
|................|
|................|
|................|
|................|
|................|
+----------------+
tick=76  length=6  food eaten=3  interventions=1
laya proposed: left, executed: left
risk noul: 0.7601  food noul: 0.7027  probabilities: {"up":0.1387,"down":0.1654,"left":0.5075,"right":0.1885}
[2J[H+----------------+
|...............o|
|...*.......Ooooo|
|................|
|................|
|................|
|................|
|................|
|................|
|................|
|................|
+----------------+
tick=77  length=6  food eaten=3  interventions=1
laya proposed: left, executed: left
risk noul: 0.7601  food noul: 0.7027  probabilities: {"up":0.1387,"down":0.1654,"left":0.5075,"right":0.1885}
[2J[H+----------------+
|................|
|...*......Oooooo|
|................|
|................|
|................|
|................|
|................|
|................|
|................|
|................|
+----------------+
tick=78  length=6  food eaten=3  interventions=1
laya proposed: left, executed: left
risk noul: 0.7601  food noul: 0.7027  probabilities: {"up":0.1387,"down":0.1654,"left":0.5075,"right":0.1885}
[2J[H+----------------+
|................|
|...*.....Oooooo.|
|................|
|................|
|................|
|................|
|................|
|................|
|................|
|................|
+----------------+
tick=79  length=6  food eaten=3  interventions=1
laya proposed: left, executed: left
risk noul: 0.7601  food noul: 0.7027  probabilities: {"up":0.1387,"down":0.1654,"left":0.5075,"right":0.1885}
[2J[H+----------------+
|................|
|...*....Oooooo..|
|................|
|................|
|................|
|................|
|................|
|................|
|................|
|................|
+----------------+
tick=80  length=6  food eaten=3  interventions=1
laya proposed: left, executed: left
risk noul: 0.7601  food noul: 0.7027  probabilities: {"up":0.1387,"down":0.1654,"left":0.5075,"right":0.1885}
[2J[H+----------------+
|................|
|...*...Oooooo...|
|................|
|................|
|................|
|................|
|................|
|................|
|................|
|................|
+----------------+
tick=81  length=6  food eaten=3  interventions=1
laya proposed: left, executed: left
risk noul: 0.7601  food noul: 0.7027  probabilities: {"up":0.1387,"down":0.1654,"left":0.5075,"right":0.1885}
[2J[H+----------------+
|................|
|...*..Oooooo....|
|................|
|................|
|................|
|................|
|................|
|................|
|................|
|................|
+----------------+
tick=82  length=6  food eaten=3  interventions=1
laya proposed: left, executed: left
risk noul: 0.7601  food noul: 0.7027  probabilities: {"up":0.1387,"down":0.1654,"left":0.5075,"right":0.1885}
[2J[H+----------------+
|................|
|...*.Oooooo.....|
|................|
|................|
|................|
|................|
|................|
|................|
|................|
|................|
+----------------+
tick=83  length=6  food eaten=3  interventions=1
laya proposed: left, executed: left
risk noul: 0.7601  food noul: 0.7027  probabilities: {"up":0.1387,"down":0.1654,"left":0.5075,"right":0.1885}
[2J[H+----------------+
|................|
|...*Oooooo......|
|................|
|................|
|................|
|................|
|................|
|................|
|................|
|................|
+----------------+
tick=84  length=6  food eaten=3  interventions=1
laya proposed: left, executed: left
risk noul: 0.7601  food noul: 0.7027  probabilities: {"up":0.1387,"down":0.1654,"left":0.5075,"right":0.1885}
[2J[H+----------------+
|................|
|...Ooooooo......|
|................|
|................|
|................|
|................|
|................|
|...*............|
|................|
|................|
+----------------+
tick=85  length=7  food eaten=4  interventions=1
laya proposed: left, executed: left
risk noul: 0.7601  food noul: 0.7027  probabilities: {"up":0.1408,"down":0.1285,"left":0.5539,"right":0.1768}
[2J[H+----------------+
|................|
|...oooooo.......|
|...O............|
|................|
|................|
|................|
|................|
|...*............|
|................|
|................|
+----------------+
tick=86  length=7  food eaten=4  interventions=1
laya proposed: down, executed: down
risk noul: 0.7601  food noul: 0.7027  probabilities: {"up":0.1271,"down":0.4201,"left":0.2622,"right":0.1906}
[2J[H+----------------+
|................|
|...ooooo........|
|...oO...........|
|................|
|................|
|................|
|................|
|...*............|
|................|
|................|
+----------------+
tick=87  length=7  food eaten=4  interventions=1
laya proposed: right, executed: right
risk noul: 0.7601  food noul: 0.7027  probabilities: {"up":0.2026,"down":0.3326,"left":0.1176,"right":0.3471}
[2J[H+----------------+
|................|
|...oooo.........|
|...ooO..........|
|................|
|................|
|................|
|................|
|...*............|
|................|
|................|
+----------------+
tick=88  length=7  food eaten=4  interventions=1
laya proposed: right, executed: right
risk noul: 0.7601  food noul: 0.7027  probabilities: {"up":0.2125,"down":0.246,"left":0.2607,"right":0.2808}
[2J[H+----------------+
|................|
|...ooo..........|
|...oooO.........|
|................|
|................|
|................|
|................|
|...*............|
|................|
|................|
+----------------+
tick=89  length=7  food eaten=4  interventions=1
laya proposed: right, executed: right
risk noul: 0.7601  food noul: 0.7027  probabilities: {"up":0.2125,"down":0.246,"left":0.2607,"right":0.2808}
[2J[H+----------------+
|................|
|...oo...........|
|...oooo.........|
|......O.........|
|................|
|................|
|................|
|...*............|
|................|
|................|
+----------------+
tick=90  length=7  food eaten=4  interventions=1
laya proposed: down, executed: down
risk noul: 0.7601  food noul: 0.7027  probabilities: {"up":0.1372,"down":0.3537,"left":0.1893,"right":0.3198}
[2J[H+----------------+
|................|
|...o............|
|...oooo.........|
|......o.........|
|......O.........|
|................|
|................|
|...*............|
|................|
|................|
+----------------+
tick=91  length=7  food eaten=4  interventions=1
laya proposed: down, executed: down
risk noul: 0.7601  food noul: 0.7027  probabilities: {"up":0.2065,"down":0.3995,"left":0.2336,"right":0.1605}
[2J[H+----------------+
|................|
|................|
|...oooo.........|
|......o.........|
|......oO........|
|................|
|................|
|...*............|
|................|
|................|
+----------------+
tick=92  length=7  food eaten=4  interventions=1
laya proposed: right, executed: right
risk noul: 0.7601  food noul: 0.7027  probabilities: {"up":0.2026,"down":0.3326,"left":0.1176,"right":0.3471}
[2J[H+----------------+
|................|
|................|
|....ooo.........|
|......o.........|
|......oo........|
|.......O........|
|................|
|...*............|
|................|
|................|
+----------------+
tick=93  length=7  food eaten=4  interventions=1
laya proposed: down, executed: down
risk noul: 0.7601  food noul: 0.7027  probabilities: {"up":0.1372,"down":0.3537,"left":0.1893,"right":0.3198}
[2J[H+----------------+
|................|
|................|
|.....oo.........|
|......o.........|
|......oo........|
|.......o........|
|.......O........|
|...*............|
|................|
|................|
+----------------+
tick=94  length=7  food eaten=4  interventions=1
laya proposed: down, executed: down
risk noul: 0.7601  food noul: 0.7027  probabilities: {"up":0.2065,"down":0.3995,"left":0.2336,"right":0.1605}
[2J[H+----------------+
|................|
|................|
|......o.........|
|......o.........|
|......oo........|
|.......o........|
|.......oO.......|
|...*............|
|................|
|................|
+----------------+
tick=95  length=7  food eaten=4  interventions=1
laya proposed: right, executed: right
risk noul: 0.7601  food noul: 0.7027  probabilities: {"up":0.2026,"down":0.3326,"left":0.1176,"right":0.3471}
[2J[H+----------------+
|................|
|................|
|................|
|......o.........|
|......oo........|
|.......o........|
|.......oo.......|
|...*....O.......|
|................|
|................|
+----------------+
tick=96  length=7  food eaten=4  interventions=1
laya proposed: down, executed: down
risk noul: 0.7601  food noul: 0.7027  probabilities: {"up":0.1372,"down":0.3537,"left":0.1893,"right":0.3198}
[2J[H+----------------+
|................|
|................|
|................|
|................|
|......oo........|
|.......o........|
|.......oo.......|
|...*...Oo.......|
|................|
|................|
+----------------+
tick=97  length=7  food eaten=4  interventions=1
laya proposed: left, executed: left
risk noul: 0.7601  food noul: 0.7027  probabilities: {"up":0.174,"down":0.227,"left":0.4568,"right":0.1422}
[2J[H+----------------+
|................|
|................|
|................|
|................|
|.......o........|
|.......o........|
|.......oo.......|
|...*..Ooo.......|
|................|
|................|
+----------------+
tick=98  length=7  food eaten=4  interventions=1
laya proposed: left, executed: left
risk noul: 0.7601  food noul: 0.7027  probabilities: {"up":0.2036,"down":0.198,"left":0.3799,"right":0.2185}
[2J[H+----------------+
|................|
|................|
|................|
|................|
|................|
|.......o........|
|.......oo.......|
|...*.Oooo.......|
|................|
|................|
+----------------+
tick=99  length=7  food eaten=4  interventions=1
laya proposed: left, executed: left
risk noul: 0.7601  food noul: 0.7027  probabilities: {"up":0.1387,"down":0.1654,"left":0.5075,"right":0.1885}
[2J[H+----------------+
|................|
|................|
|................|
|................|
|................|
|................|
|.......oo.......|
|...*Ooooo.......|
|................|
|................|
+----------------+
tick=100  length=7  food eaten=4  interventions=1
laya proposed: left, executed: left
risk noul: 0.7601  food noul: 0.7027  probabilities: {"up":0.1387,"down":0.1654,"left":0.5075,"right":0.1885}
[2J[H+----------------+
|................|
|................|
|................|
|................|
|................|
|................|
|.......oo.......|
|...Oooooo.......|
|......*.........|
|................|
+----------------+
tick=101  length=8  food eaten=5  interventions=1
laya proposed: left, executed: left
risk noul: 0.7601  food noul: 0.7027  probabilities: {"up":0.1408,"down":0.1285,"left":0.5539,"right":0.1768}
[2J[H+----------------+
|................|
|................|
|................|
|................|
|................|
|................|
|........o.......|
|...oooooo.......|
|...O..*.........|
|................|
+----------------+
tick=102  length=8  food eaten=5  interventions=1
laya proposed: down, executed: down
risk noul: 0.7601  food noul: 0.7027  probabilities: {"up":0.1271,"down":0.4201,"left":0.2622,"right":0.1906}
[2J[H+----------------+
|................|
|................|
|................|
|................|
|................|
|................|
|................|
|...oooooo.......|
|...oO.*.........|
|................|
+----------------+
tick=103  length=8  food eaten=5  interventions=1
laya proposed: right, executed: right
risk noul: 0.7601  food noul: 0.7027  probabilities: {"up":0.1944,"down":0.2238,"left":0.1638,"right":0.4179}
[2J[H+----------------+
|................|
|................|
|................|
|................|
|................|
|................|
|................|
|...ooooo........|
|...ooO*.........|
|................|
+----------------+
tick=104  length=8  food eaten=5  interventions=1
laya proposed: right, executed: right
risk noul: 0.7601  food noul: 0.7027  probabilities: {"up":0.1685,"down":0.1829,"left":0.178,"right":0.4707}
[2J[H+----------------+
|................|
|................|
|................|
|................|
|................|
|.*..............|
|................|
|...ooooo........|
|...oooO.........|
|................|
+----------------+
tick=105  length=9  food eaten=6  interventions=1
laya proposed: right, executed: right
risk noul: 0.7601  food noul: 0.7027  probabilities: {"up":0.0961,"down":0.1283,"left":0.1036,"right":0.672}
[2J[H+----------------+
|................|
|................|
|................|
|................|
|................|
|.*..............|
|................|
|...oooo.........|
|...ooooO........|
|................|
+----------------+
tick=106  length=9  food eaten=6  interventions=1
laya proposed: right, executed: right
risk noul: 0.7601  food noul: 0.7027  probabilities: {"up":0.2125,"down":0.246,"left":0.2607,"right":0.2808}
[2J[H+----------------+
|................|
|................|
|................|
|................|
|................|
|.*..............|
|................|
|...ooo..........|
|...ooooo........|
|.......O........|
+----------------+
tick=107  length=9  food eaten=6  interventions=1
laya proposed: down, executed: down
risk noul: 0.7601  food noul: 0.7027  probabilities: {"up":0.1372,"down":0.3537,"left":0.1893,"right":0.3198}
[2J[H+----------------+
|................|
|................|
|................|
|................|
|................|
|.*..............|
|................|
|...oo...........|
|...ooooo........|
|......Oo........|
+----------------+
tick=108  length=9  food eaten=6  interventions=1
laya proposed: left, executed: left
risk noul: 0.7601  food noul: 0.7027  probabilities: {"up":0.1574,"down":0.1974,"left":0.5081,"right":0.1371}
[2J[H+----------------+
|................|
|................|
|................|
|................|
|................|
|.*..............|
|................|
|...o............|
|...ooooo........|
|.....Ooo........|
+----------------+
tick=109  length=9  food eaten=6  interventions=1
laya proposed: left, executed: left
risk noul: 0.7601  food noul: 0.7027  probabilities: {"up":0.1707,"down":0.2211,"left":0.4181,"right":0.1901}
[2J[H+----------------+
|................|
|................|
|................|
|................|
|................|
|.*..............|
|................|
|................|
|...ooooo........|
|....Oooo........|
+----------------+
tick=110  length=9  food eaten=6  interventions=1
laya proposed: left, executed: left
risk noul: 0.7601  food noul: 0.7027  probabilities: {"up":0.1707,"down":0.2211,"left":0.4181,"right":0.1901}
[2J[H+----------------+
|................|
|................|
|................|
|................|
|................|
|.*..............|
|................|
|................|
|....oooo........|
|...Ooooo........|
+----------------+
tick=111  length=9  food eaten=6  interventions=1
laya proposed: left, executed: left
risk noul: 0.7601  food noul: 0.7027  probabilities: {"up":0.1707,"down":0.2211,"left":0.4181,"right":0.1901}
[2J[H+----------------+
|................|
|................|
|................|
|................|
|................|
|.*..............|
|................|
|................|
|.....ooo........|
|..Oooooo........|
+----------------+
tick=112  length=9  food eaten=6  interventions=1
laya proposed: left, executed: left
risk noul: 0.7601  food noul: 0.7027  probabilities: {"up":0.1198,"down":0.2742,"left":0.439,"right":0.1671}
[2J[H+----------------+
|................|
|................|
|................|
|................|
|................|
|.*..............|
|................|
|................|
|......oo........|
|.Ooooooo........|
+----------------+
tick=113  length=9  food eaten=6  interventions=1
laya proposed: left, executed: left
risk noul: 0.7601  food noul: 0.7027  probabilities: {"up":0.1198,"down":0.2742,"left":0.439,"right":0.1671}
[2J[H+----------------+
|................|
|................|
|................|
|................|
|................|
|.*..............|
|................|
|................|
|.......o........|
|Oooooooo........|
+----------------+
tick=114  length=9  food eaten=6  interventions=1
laya proposed: left, executed: left
risk noul: 0.7601  food noul: 0.7027  probabilities: {"up":0.1198,"down":0.2742,"left":0.439,"right":0.1671}
[2J[H+----------------+
|................|
|................|
|................|
|................|
|................|
|.*..............|
|................|
|................|
|O...............|
|oooooooo........|
+----------------+
tick=115  length=9  food eaten=6  interventions=1
laya proposed: up, executed: up
risk noul: 0.7601  food noul: 0.7027  probabilities: {"up":0.5595,"down":0.2428,"left":0.1026,"right":0.0951}
[2J[H+----------------+
|................|
|................|
|................|
|................|
|................|
|.*..............|
|................|
|O...............|
|o...............|
|ooooooo.........|
+----------------+
tick=116  length=9  food eaten=6  interventions=1
laya proposed: up, executed: up
risk noul: 0.7601  food noul: 0.7027  probabilities: {"up":0.5843,"down":0.2023,"left":0.073,"right":0.1403}
[2J[H+----------------+
|................|
|................|
|................|
|................|
|................|
|.*..............|
|O...............|
|o...............|
|o...............|
|oooooo..........|
+----------------+
tick=117  length=9  food eaten=6  interventions=1
laya proposed: up, executed: up
risk noul: 0.7601  food noul: 0.7027  probabilities: {"up":0.5843,"down":0.2023,"left":0.073,"right":0.1403}
[2J[H+----------------+
|................|
|................|
|................|
|................|
|................|
|O*..............|
|o...............|
|o...............|
|o...............|
|ooooo...........|
+----------------+
tick=118  length=9  food eaten=6  interventions=1
laya proposed: up, executed: up
risk noul: 0.7601  food noul: 0.7027  probabilities: {"up":0.5843,"down":0.2023,"left":0.073,"right":0.1403}
[2J[H+----------------+
|................|
|................|
|................|
|................|
|................|
|oO*.............|
|o...............|
|o...............|
|o...............|
|ooooo...........|
+----------------+
tick=119  length=10  food eaten=7  interventions=1
laya proposed: right, executed: right
risk noul: 0.7601  food noul: 0.7027  probabilities: {"up":0.1371,"down":0.3079,"left":0.157,"right":0.398}
[2J[H+----------------+
|................|
|................|
|................|
|................|
|................|
|oo*.............|
|oO..............|
|o...............|
|o...............|
|oooo............|
+----------------+
tick=120  length=10  food eaten=7  interventions=1
laya proposed: down, executed: down
risk noul: 0.7601  food noul: 0.7027  probabilities: {"up":0.1775,"down":0.4275,"left":0.2246,"right":0.1704}
[2J[H+----------------+
|................|
|................|
|................|
|................|
|................|
|oo*.............|
|ooO.............|
|o...............|
|o...............|
|ooo.............|
+----------------+
tick=121  length=10  food eaten=7  interventions=1
laya proposed: right, executed: right
risk noul: 0.7601  food noul: 0.7027  probabilities: {"up":0.2125,"down":0.246,"left":0.2607,"right":0.2808}
[2J[H+----------------+
|................|
|................|
|................|
|................|
|................|
|oo*.............|
|ooo.............|
|o.O.............|
|o...............|
|oo..............|
+----------------+
tick=122  length=10  food eaten=7  interventions=1
laya proposed: down, executed: down
risk noul: 0.7601  food noul: 0.7027  probabilities: {"up":0.1372,"down":0.3537,"left":0.1893,"right":0.3198}
[2J[H+----------------+
|................|
|................|
|................|
|................|
|................|
|oo*.............|
|ooo.............|
|o.o.............|
|o.O.............|
|o...............|
+----------------+
tick=123  length=10  food eaten=7  interventions=1
laya proposed: down, executed: down
risk noul: 0.7601  food noul: 0.7027  probabilities: {"up":0.2065,"down":0.3995,"left":0.2336,"right":0.1605}
[2J[H+----------------+
|................|
|................|
|................|
|................|
|................|
|oo*.............|
|ooo.............|
|o.o.............|
|o.oO............|
|................|
+----------------+
tick=124  length=10  food eaten=7  interventions=1
laya proposed: right, executed: right
risk noul: 0.7601  food noul: 0.7027  probabilities: {"up":0.2026,"down":0.3326,"left":0.1176,"right":0.3471}
[2J[H+----------------+
|................|
|................|
|................|
|................|
|................|
|oo*.............|
|ooo.............|
|o.o.............|
|..oo............|
|...O............|
+----------------+
tick=125  length=10  food eaten=7  interventions=1
laya proposed: down, executed: down
risk noul: 0.7601  food noul: 0.7027  probabilities: {"up":0.1372,"down":0.3537,"left":0.1893,"right":0.3198}
[2J[H+----------------+
|................|
|................|
|................|
|................|
|................|
|oo*.............|
|ooo.............|
|..o.............|
|..oo............|
|..Oo............|
+----------------+
tick=126  length=10  food eaten=7  interventions=1
laya proposed: left, executed: left
risk noul: 0.7601  food noul: 0.7027  probabilities: {"up":0.1574,"down":0.1974,"left":0.5081,"right":0.1371}
[2J[H+----------------+
|................|
|................|
|................|
|................|
|................|
|oo*.............|
|.oo.............|
|..o.............|
|..oo............|
|.Ooo............|
+----------------+
tick=127  length=10  food eaten=7  interventions=1
laya proposed: left, executed: left
risk noul: 0.7678  food noul: 0.1323  probabilities: {"up":0.179,"down":0.2786,"left":0.3314,"right":0.2109}
[2J[H+----------------+
|................|
|................|
|................|
|................|
|................|
|.o*.............|
|.oo.............|
|..o.............|
|..oo............|
|Oooo............|
+----------------+
tick=128  length=10  food eaten=7  interventions=2
laya proposed: down, executed: left (intervened)
risk noul: 0.7678  food noul: 0.1323  probabilities: {"up":0.1351,"down":0.3966,"left":0.3137,"right":0.1546}
[2J[H+----------------+
|................|
|................|
|................|
|................|
|................|
|..*.............|
|.oo.............|
|..o.............|
|O.oo............|
|oooo............|
+----------------+
tick=129  length=10  food eaten=7  interventions=2
laya proposed: up, executed: up
risk noul: 0.7601  food noul: 0.7027  probabilities: {"up":0.5595,"down":0.2428,"left":0.1026,"right":0.0951}
[2J[H+----------------+
|................|
|................|
|................|
|................|
|................|
|..*.............|
|..o.............|
|O.o.............|
|o.oo............|
|oooo............|
+----------------+
tick=130  length=10  food eaten=7  interventions=2
laya proposed: up, executed: up
risk noul: 0.7601  food noul: 0.7027  probabilities: {"up":0.5843,"down":0.2023,"left":0.073,"right":0.1403}
[2J[H+----------------+
|................|
|................|
|................|
|................|
|................|
|..*.............|
|O...............|
|o.o.............|
|o.oo............|
|oooo............|
+----------------+
tick=131  length=10  food eaten=7  interventions=2
laya proposed: up, executed: up
risk noul: 0.7601  food noul: 0.7027  probabilities: {"up":0.5843,"down":0.2023,"left":0.073,"right":0.1403}
[2J[H+----------------+
|................|
|................|
|................|
|................|
|................|
|O.*.............|
|o...............|
|o...............|
|o.oo............|
|oooo............|
+----------------+
tick=132  length=10  food eaten=7  interventions=2
laya proposed: up, executed: up
risk noul: 0.7601  food noul: 0.7027  probabilities: {"up":0.5843,"down":0.2023,"left":0.073,"right":0.1403}
[2J[H+----------------+
|................|
|................|
|................|
|................|
|O...............|
|o.*.............|
|o...............|
|o...............|
|o..o............|
|oooo............|
+----------------+
tick=133  length=10  food eaten=7  interventions=2
laya proposed: up, executed: up
risk noul: 0.7601  food noul: 0.7027  probabilities: {"up":0.5843,"down":0.2023,"left":0.073,"right":0.1403}
[2J[H+----------------+
|................|
|................|
|................|
|................|
|oO..............|
|o.*.............|
|o...............|
|o...............|
|o...............|
|oooo............|
+----------------+
tick=134  length=10  food eaten=7  interventions=2
laya proposed: right, executed: right
risk noul: 0.7601  food noul: 0.7027  probabilities: {"up":0.1747,"down":0.3369,"left":0.1381,"right":0.3503}
[2J[H+----------------+
|................|
|................|
|................|
|................|
|ooO.............|
|o.*.............|
|o...............|
|o...............|
|o...............|
|ooo.............|
+----------------+
tick=135  length=10  food eaten=7  interventions=2
laya proposed: right, executed: right
risk noul: 0.7601  food noul: 0.7027  probabilities: {"up":0.1254,"down":0.1854,"left":0.1541,"right":0.5352}
[2J[H+----------------+
|................|
|................|
|................|
|................|
|oooO............|
|o.*.............|
|o...............|
|o...............|
|o...............|
|oo..............|
+----------------+
tick=136  length=10  food eaten=7  interventions=2
laya proposed: right, executed: right
risk noul: 0.7601  food noul: 0.7027  probabilities: {"up":0.126,"down":0.2637,"left":0.2592,"right":0.351}
[2J[H+----------------+
|................|
|................|
|................|
|................|
|oooo............|
|o.*O............|
|o...............|
|o...............|
|o...............|
|o...............|
+----------------+
tick=137  length=10  food eaten=7  interventions=2
laya proposed: down, executed: down
risk noul: 0.7601  food noul: 0.7027  probabilities: {"up":0.1372,"down":0.3537,"left":0.1893,"right":0.3198}
[2J[H+----------------+
|................|
|........*.......|
|................|
|................|
|oooo............|
|o.Oo............|
|o...............|
|o...............|
|o...............|
|o...............|
+----------------+
tick=138  length=11  food eaten=8  interventions=2
laya proposed: left, executed: left
risk noul: 0.7601  food noul: 0.7027  probabilities: {"up":0.1454,"down":0.163,"left":0.5455,"right":0.1461}
[2J[H+----------------+
|................|
|........*.......|
|................|
|................|
|oooo............|
|oOoo............|
|o...............|
|o...............|
|o...............|
|................|
+----------------+
tick=139  length=11  food eaten=8  interventions=2
laya proposed: left, executed: left
risk noul: 0.7601  food noul: 0.7027  probabilities: {"up":0.2095,"down":0.2787,"left":0.317,"right":0.1949}
[2J[H+----------------+
|................|
|........*.......|
|................|
|................|
|oooo............|
|oooo............|
|oO..............|
|o...............|
|................|
|................|
+----------------+
tick=140  length=11  food eaten=8  interventions=2
laya proposed: down, executed: down
risk noul: 0.7601  food noul: 0.7027  probabilities: {"up":0.2184,"down":0.3199,"left":0.2468,"right":0.2149}
[2J[H+----------------+
|................|
|........*.......|
|................|
|................|
|oooo............|
|oooo............|
|ooO.............|
|................|
|................|
|................|
+----------------+
tick=141  length=11  food eaten=8  interventions=2
laya proposed: right, executed: right
risk noul: 0.7601  food noul: 0.7027  probabilities: {"up":0.2125,"down":0.246,"left":0.2607,"right":0.2808}
[2J[H+----------------+
|................|
|........*.......|
|................|
|................|
|oooo............|
|oooo............|
|.ooO............|
|................|
|................|
|................|
+----------------+
tick=142  length=11  food eaten=8  interventions=2
laya proposed: right, executed: right
risk noul: 0.7601  food noul: 0.7027  probabilities: {"up":0.2125,"down":0.246,"left":0.2607,"right":0.2808}
[2J[H+----------------+
|................|
|........*.......|
|................|
|................|
|oooo............|
|.ooo............|
|.oooO...........|
|................|
|................|
|................|
+----------------+
tick=143  length=11  food eaten=8  interventions=2
laya proposed: right, executed: right
risk noul: 0.7601  food noul: 0.7027  probabilities: {"up":0.2125,"down":0.246,"left":0.2607,"right":0.2808}
[2J[H+----------------+
|................|
|........*.......|
|................|
|................|
|.ooo............|
|.ooo............|
|.oooo...........|
|....O...........|
|................|
|................|
+----------------+
tick=144  length=11  food eaten=8  interventions=2
laya proposed: down, executed: down
risk noul: 0.7601  food noul: 0.7027  probabilities: {"up":0.1372,"down":0.3537,"left":0.1893,"right":0.3198}
[2J[H+----------------+
|................|
|........*.......|
|................|
|................|
|..oo............|
|.ooo............|
|.oooo...........|
|....o...........|
|....O...........|
|................|
+----------------+
tick=145  length=11  food eaten=8  interventions=2
laya proposed: down, executed: down
risk noul: 0.7601  food noul: 0.7027  probabilities: {"up":0.2065,"down":0.3995,"left":0.2336,"right":0.1605}
[2J[H+----------------+
|................|
|........*.......|
|................|
|................|
|...o............|
|.ooo............|
|.oooo...........|
|....o...........|
|....oO..........|
|................|
+----------------+
tick=146  length=11  food eaten=8  interventions=2
laya proposed: right, executed: right
risk noul: 0.7601  food noul: 0.7027  probabilities: {"up":0.2026,"down":0.3326,"left":0.1176,"right":0.3471}
[2J[H+----------------+
|................|
|........*.......|
|................|
|................|
|................|
|.ooo............|
|.oooo...........|
|....o...........|
|....oo..........|
|.....O..........|
+----------------+
tick=147  length=11  food eaten=8  interventions=2
laya proposed: down, executed: down
risk noul: 0.7601  food noul: 0.7027  probabilities: {"up":0.1372,"down":0.3537,"left":0.1893,"right":0.3198}
[2J[H+----------------+
|................|
|........*.......|
|................|
|................|
|................|
|.oo.............|
|.oooo...........|
|....o...........|
|....oo..........|
|....Oo..........|
+----------------+
tick=148  length=11  food eaten=8  interventions=2
laya proposed: left, executed: left
risk noul: 0.7601  food noul: 0.7027  probabilities: {"up":0.1574,"down":0.1974,"left":0.5081,"right":0.1371}
[2J[H+----------------+
|................|
|........*.......|
|................|
|................|
|................|
|.o..............|
|.oooo...........|
|....o...........|
|....oo..........|
|...Ooo..........|
+----------------+
tick=149  length=11  food eaten=8  interventions=2
laya proposed: left, executed: left
risk noul: 0.7601  food noul: 0.7027  probabilities: {"up":0.1707,"down":0.2211,"left":0.4181,"right":0.1901}
[2J[H+----------------+
|................|
|........*.......|
|................|
|................|
|................|
|................|
|.oooo...........|
|....o...........|
|....oo..........|
|..Oooo..........|
+----------------+
tick=150  length=11  food eaten=8  interventions=2
laya proposed: left, executed: left
risk noul: 0.7601  food noul: 0.7027  probabilities: {"up":0.1198,"down":0.2742,"left":0.439,"right":0.1671}
[2J[H+----------------+
|................|
|........*.......|
|................|
|................|
|................|
|................|
|..ooo...........|
|....o...........|
|....oo..........|
|.Ooooo..........|
+----------------+
tick=151  length=11  food eaten=8  interventions=2
laya proposed: left, executed: left
risk noul: 0.7601  food noul: 0.7027  probabilities: {"up":0.1198,"down":0.2742,"left":0.439,"right":0.1671}
[2J[H+----------------+
|................|
|........*.......|
|................|
|................|
|................|
|................|
|...oo...........|
|....o...........|
|....oo..........|
|Oooooo..........|
+----------------+
tick=152  length=11  food eaten=8  interventions=2
laya proposed: left, executed: left
risk noul: 0.7601  food noul: 0.7027  probabilities: {"up":0.1198,"down":0.2742,"left":0.439,"right":0.1671}
[2J[H+----------------+
|................|
|........*.......|
|................|
|................|
|................|
|................|
|....o...........|
|....o...........|
|O...oo..........|
|oooooo..........|
+----------------+
tick=153  length=11  food eaten=8  interventions=2
laya proposed: up, executed: up
risk noul: 0.7601  food noul: 0.7027  probabilities: {"up":0.5595,"down":0.2428,"left":0.1026,"right":0.0951}
[2J[H+----------------+
|................|
|........*.......|
|................|
|................|
|................|
|................|
|................|
|O...o...........|
|o...oo..........|
|oooooo..........|
+----------------+
tick=154  length=11  food eaten=8  interventions=2
laya proposed: up, executed: up
risk noul: 0.7601  food noul: 0.7027  probabilities: {"up":0.5843,"down":0.2023,"left":0.073,"right":0.1403}
[2J[H+----------------+
|................|
|........*.......|
|................|
|................|
|................|
|................|
|O...............|
|o...............|
|o...oo..........|
|oooooo..........|
+----------------+
tick=155  length=11  food eaten=8  interventions=2
laya proposed: up, executed: up
risk noul: 0.7601  food noul: 0.7027  probabilities: {"up":0.5843,"down":0.2023,"left":0.073,"right":0.1403}
[2J[H+----------------+
|................|
|........*.......|
|................|
|................|
|................|
|O...............|
|o...............|
|o...............|
|o....o..........|
|oooooo..........|
+----------------+
tick=156  length=11  food eaten=8  interventions=2
laya proposed: up, executed: up
risk noul: 0.7601  food noul: 0.7027  probabilities: {"up":0.5843,"down":0.2023,"left":0.073,"right":0.1403}
[2J[H+----------------+
|................|
|........*.......|
|................|
|................|
|O...............|
|o...............|
|o...............|
|o...............|
|o...............|
|oooooo..........|
+----------------+
tick=157  length=11  food eaten=8  interventions=2
laya proposed: up, executed: up
risk noul: 0.7601  food noul: 0.7027  probabilities: {"up":0.5843,"down":0.2023,"left":0.073,"right":0.1403}
[2J[H+----------------+
|................|
|........*.......|
|................|
|O...............|
|o...............|
|o...............|
|o...............|
|o...............|
|o...............|
|ooooo...........|
+----------------+
tick=158  length=11  food eaten=8  interventions=2
laya proposed: up, executed: up
risk noul: 0.7601  food noul: 0.7027  probabilities: {"up":0.5843,"down":0.2023,"left":0.073,"right":0.1403}
[2J[H+----------------+
|................|
|........*.......|
|O...............|
|o...............|
|o...............|
|o...............|
|o...............|
|o...............|
|o...............|
|oooo............|
+----------------+
tick=159  length=11  food eaten=8  interventions=2
laya proposed: up, executed: up
risk noul: 0.7601  food noul: 0.7027  probabilities: {"up":0.5843,"down":0.2023,"left":0.073,"right":0.1403}
[2J[H+----------------+
|................|
|O.......*.......|
|o...............|
|o...............|
|o...............|
|o...............|
|o...............|
|o...............|
|o...............|
|ooo.............|
+----------------+
tick=160  length=11  food eaten=8  interventions=2
laya proposed: up, executed: up
risk noul: 0.7601  food noul: 0.7027  probabilities: {"up":0.5843,"down":0.2023,"left":0.073,"right":0.1403}
[2J[H+----------------+
|O...............|
|o.......*.......|
|o...............|
|o...............|
|o...............|
|o...............|
|o...............|
|o...............|
|o...............|
|oo..............|
+----------------+
tick=161  length=11  food eaten=8  interventions=2
laya proposed: up, executed: up
risk noul: 0.7601  food noul: 0.7027  probabilities: {"up":0.5843,"down":0.2023,"left":0.073,"right":0.1403}
[2J[H+----------------+
|oO..............|
|o.......*.......|
|o...............|
|o...............|
|o...............|
|o...............|
|o...............|
|o...............|
|o...............|
|o...............|
+----------------+
tick=162  length=11  food eaten=8  interventions=2
laya proposed: right, executed: right
risk noul: 0.7601  food noul: 0.7027  probabilities: {"up":0.1224,"down":0.212,"left":0.1544,"right":0.5112}
[2J[H+----------------+
|ooO.............|
|o.......*.......|
|o...............|
|o...............|
|o...............|
|o...............|
|o...............|
|o...............|
|o...............|
|................|
+----------------+
tick=163  length=11  food eaten=8  interventions=2
laya proposed: right, executed: right
risk noul: 0.7601  food noul: 0.7027  probabilities: {"up":0.1685,"down":0.1829,"left":0.178,"right":0.4707}
[2J[H+----------------+
|oooO............|
|o.......*.......|
|o...............|
|o...............|
|o...............|
|o...............|
|o...............|
|o...............|
|................|
|................|
+----------------+
tick=164  length=11  food eaten=8  interventions=2
laya proposed: right, executed: right
risk noul: 0.7601  food noul: 0.7027  probabilities: {"up":0.1685,"down":0.1829,"left":0.178,"right":0.4707}
[2J[H+----------------+
|ooooO...........|
|o.......*.......|
|o...............|
|o...............|
|o...............|
|o...............|
|o...............|
|................|
|................|
|................|
+----------------+
tick=165  length=11  food eaten=8  interventions=2
laya proposed: right, executed: right
risk noul: 0.7601  food noul: 0.7027  probabilities: {"up":0.1685,"down":0.1829,"left":0.178,"right":0.4707}
[2J[H+----------------+
|oooooO..........|
|o.......*.......|
|o...............|
|o...............|
|o...............|
|o...............|
|................|
|................|
|................|
|................|
+----------------+
tick=166  length=11  food eaten=8  interventions=2
laya proposed: right, executed: right
risk noul: 0.7601  food noul: 0.7027  probabilities: {"up":0.1685,"down":0.1829,"left":0.178,"right":0.4707}
[2J[H+----------------+
|ooooooO.........|
|o.......*.......|
|o...............|
|o...............|
|o...............|
|................|
|................|
|................|
|................|
|................|
+----------------+
tick=167  length=11  food eaten=8  interventions=2
laya proposed: right, executed: right
risk noul: 0.7601  food noul: 0.7027  probabilities: {"up":0.1685,"down":0.1829,"left":0.178,"right":0.4707}
[2J[H+----------------+
|oooooooO........|
|o.......*.......|
|o...............|
|o...............|
|................|
|................|
|................|
|................|
|................|
|................|
+----------------+
tick=168  length=11  food eaten=8  interventions=2
laya proposed: right, executed: right
risk noul: 0.7601  food noul: 0.7027  probabilities: {"up":0.1685,"down":0.1829,"left":0.178,"right":0.4707}
[2J[H+----------------+
|ooooooooO.......|
|o.......*.......|
|o...............|
|................|
|................|
|................|
|................|
|................|
|................|
|................|
+----------------+
tick=169  length=11  food eaten=8  interventions=2
laya proposed: right, executed: right
risk noul: 0.7601  food noul: 0.7027  probabilities: {"up":0.1685,"down":0.1829,"left":0.178,"right":0.4707}
[2J[H+----------------+
|oooooooooO......|
|o.......*.......|
|................|
|................|
|................|
|................|
|................|
|................|
|................|
|................|
+----------------+
tick=170  length=11  food eaten=8  interventions=3
laya proposed: left, executed: right (intervened)
risk noul: 0.7601  food noul: 0.7027  probabilities: {"up":0.1841,"down":0.1864,"left":0.36,"right":0.2695}
[2J[H+----------------+
|ooooooooooO.....|
|........*.......|
|................|
|................|
|................|
|................|
|................|
|................|
|................|
|................|
+----------------+
tick=171  length=11  food eaten=8  interventions=3
laya proposed: right, executed: right
risk noul: 0.7601  food noul: 0.7027  probabilities: {"up":0.2125,"down":0.246,"left":0.2607,"right":0.2808}
[2J[H+----------------+
|.ooooooooooO....|
|........*.......|
|................|
|................|
|................|
|................|
|................|
|................|
|................|
|................|
+----------------+
tick=172  length=11  food eaten=8  interventions=3
laya proposed: right, executed: right
risk noul: 0.7601  food noul: 0.7027  probabilities: {"up":0.2125,"down":0.246,"left":0.2607,"right":0.2808}
[2J[H+----------------+
|..ooooooooooO...|
|........*.......|
|................|
|................|
|................|
|................|
|................|
|................|
|................|
|................|
+----------------+
tick=173  length=11  food eaten=8  interventions=3
laya proposed: right, executed: right
risk noul: 0.7601  food noul: 0.7027  probabilities: {"up":0.2125,"down":0.246,"left":0.2607,"right":0.2808}
[2J[H+----------------+
|...ooooooooooO..|
|........*.......|
|................|
|................|
|................|
|................|
|................|
|................|
|................|
|................|
+----------------+
tick=174  length=11  food eaten=8  interventions=3
laya proposed: right, executed: right
risk noul: 0.7601  food noul: 0.7027  probabilities: {"up":0.2125,"down":0.246,"left":0.2607,"right":0.2808}
[2J[H+----------------+
|....ooooooooooO.|
|........*.......|
|................|
|................|
|................|
|................|
|................|
|................|
|................|
|................|
+----------------+
tick=175  length=11  food eaten=8  interventions=3
laya proposed: right, executed: right
risk noul: 0.7601  food noul: 0.7027  probabilities: {"up":0.2125,"down":0.246,"left":0.2607,"right":0.2808}
[2J[H+----------------+
|.....ooooooooooO|
|........*.......|
|................|
|................|
|................|
|................|
|................|
|................|
|................|
|................|
+----------------+
tick=176  length=11  food eaten=8  interventions=3
laya proposed: right, executed: right
risk noul: 0.7601  food noul: 0.7027  probabilities: {"up":0.2125,"down":0.246,"left":0.2607,"right":0.2808}
[2J[H+----------------+
|......oooooooooo|
|........*......O|
|................|
|................|
|................|
|................|
|................|
|................|
|................|
|................|
+----------------+
tick=177  length=11  food eaten=8  interventions=3
laya proposed: down, executed: down
risk noul: 0.7601  food noul: 0.7027  probabilities: {"up":0.2184,"down":0.3199,"left":0.2468,"right":0.2149}
[2J[H+----------------+
|.......ooooooooo|
|........*.....Oo|
|................|
|................|
|................|
|................|
|................|
|................|
|................|
|................|
+----------------+
tick=178  length=11  food eaten=8  interventions=3
laya proposed: left, executed: left
risk noul: 0.7601  food noul: 0.7027  probabilities: {"up":0.2036,"down":0.198,"left":0.3799,"right":0.2185}
[2J[H+----------------+
|........oooooooo|
|........*....Ooo|
|................|
|................|
|................|
|................|
|................|
|................|
|................|
|................|
+----------------+
tick=179  length=11  food eaten=8  interventions=3
laya proposed: left, executed: left
risk noul: 0.7601  food noul: 0.7027  probabilities: {"up":0.2036,"down":0.198,"left":0.3799,"right":0.2185}
[2J[H+----------------+
|.........ooooooo|
|........*...Oooo|
|................|
|................|
|................|
|................|
|................|
|................|
|................|
|................|
+----------------+
tick=180  length=11  food eaten=8  interventions=3
laya proposed: left, executed: left
risk noul: 0.7601  food noul: 0.7027  probabilities: {"up":0.2036,"down":0.198,"left":0.3799,"right":0.2185}
[2J[H+----------------+
|..........oooooo|
|........*..Ooooo|
|................|
|................|
|................|
|................|
|................|
|................|
|................|
|................|
+----------------+
tick=181  length=11  food eaten=8  interventions=3
laya proposed: left, executed: left
risk noul: 0.7601  food noul: 0.7027  probabilities: {"up":0.2036,"down":0.198,"left":0.3799,"right":0.2185}
[2J[H+----------------+
|...........ooooo|
|........*.Oooooo|
|................|
|................|
|................|
|................|
|................|
|................|
|................|
|................|
+----------------+
tick=182  length=11  food eaten=8  interventions=3
laya proposed: left, executed: left
risk noul: 0.7601  food noul: 0.7027  probabilities: {"up":0.2036,"down":0.198,"left":0.3799,"right":0.2185}
[2J[H+----------------+
|............oooo|
|........*Ooooooo|
|................|
|................|
|................|
|................|
|................|
|................|
|................|
|................|
+----------------+
tick=183  length=11  food eaten=8  interventions=3
laya proposed: left, executed: left
risk noul: 0.7601  food noul: 0.7027  probabilities: {"up":0.1387,"down":0.1654,"left":0.5075,"right":0.1885}
[2J[H+----------------+
|............oooo|
|........Oooooooo|
|................|
|................|
|................|
|..............*.|
|................|
|................|
|................|
|................|
+----------------+
tick=184  length=12  food eaten=9  interventions=3
laya proposed: left, executed: left
risk noul: 0.7601  food noul: 0.7027  probabilities: {"up":0.1408,"down":0.1285,"left":0.5539,"right":0.1768}
[2J[H+----------------+
|.............ooo|
|........oooooooo|
|........O.......|
|................|
|................|
|..............*.|
|................|
|................|
|................|
|................|
+----------------+
tick=185  length=12  food eaten=9  interventions=3
laya proposed: down, executed: down
risk noul: 0.7601  food noul: 0.7027  probabilities: {"up":0.1271,"down":0.4201,"left":0.2622,"right":0.1906}
[2J[H+----------------+
|..............oo|
|........oooooooo|
|........oO......|
|................|
|................|
|..............*.|
|................|
|................|
|................|
|................|
+----------------+
tick=186  length=12  food eaten=9  interventions=3
laya proposed: right, executed: right
risk noul: 0.7601  food noul: 0.7027  probabilities: {"up":0.2026,"down":0.3326,"left":0.1176,"right":0.3471}
[2J[H+----------------+
|...............o|
|........oooooooo|
|........ooO.....|
|................|
|................|
|..............*.|
|................|
|................|
|................|
|................|
+----------------+
tick=187  length=12  food eaten=9  interventions=3
laya proposed: right, executed: right
risk noul: 0.7601  food noul: 0.7027  probabilities: {"up":0.2125,"down":0.246,"left":0.2607,"right":0.2808}
[2J[H+----------------+
|................|
|........oooooooo|
|........oooO....|
|................|
|................|
|..............*.|
|................|
|................|
|................|
|................|
+----------------+
tick=188  length=12  food eaten=9  interventions=3
laya proposed: right, executed: right
risk noul: 0.7601  food noul: 0.7027  probabilities: {"up":0.2125,"down":0.246,"left":0.2607,"right":0.2808}
[2J[H+----------------+
|................|
|........ooooooo.|
|........ooooO...|
|................|
|................|
|..............*.|
|................|
|................|
|................|
|................|
+----------------+
tick=189  length=12  food eaten=9  interventions=3
laya proposed: right, executed: right
risk noul: 0.7601  food noul: 0.7027  probabilities: {"up":0.2125,"down":0.246,"left":0.2607,"right":0.2808}
[2J[H+----------------+
|................|
|........oooooo..|
|........oooooO..|
|................|
|................|
|..............*.|
|................|
|................|
|................|
|................|
+----------------+
tick=190  length=12  food eaten=9  interventions=3
laya proposed: right, executed: right
risk noul: 0.7601  food noul: 0.7027  probabilities: {"up":0.2125,"down":0.246,"left":0.2607,"right":0.2808}
[2J[H+----------------+
|................|
|........ooooo...|
|........oooooo..|
|.............O..|
|................|
|..............*.|
|................|
|................|
|................|
|................|
+----------------+
tick=191  length=12  food eaten=9  interventions=3
laya proposed: down, executed: down
risk noul: 0.7601  food noul: 0.7027  probabilities: {"up":0.1372,"down":0.3537,"left":0.1893,"right":0.3198}
[2J[H+----------------+
|................|
|........oooo....|
|........oooooo..|
|.............o..|
|.............O..|
|..............*.|
|................|
|................|
|................|
|................|
+----------------+
tick=192  length=12  food eaten=9  interventions=3
laya proposed: down, executed: down
risk noul: 0.7601  food noul: 0.7027  probabilities: {"up":0.2065,"down":0.3995,"left":0.2336,"right":0.1605}
[2J[H+----------------+
|................|
|........ooo.....|
|........oooooo..|
|.............o..|
|.............oO.|
|..............*.|
|................|
|................|
|................|
|................|
+----------------+
tick=193  length=12  food eaten=9  interventions=3
laya proposed: right, executed: right
risk noul: 0.7601  food noul: 0.7027  probabilities: {"up":0.1944,"down":0.2238,"left":0.1638,"right":0.4179}
[2J[H+----------------+
|................|
|........oo......|
|........oooooo..|
|.............o..|
|.............ooO|
|..............*.|
|................|
|................|
|................|
|................|
+----------------+
tick=194  length=12  food eaten=9  interventions=3
laya proposed: right, executed: right
risk noul: 0.7601  food noul: 0.7027  probabilities: {"up":0.126,"down":0.2637,"left":0.2592,"right":0.351}
[2J[H+----------------+
|................|
|........o.......|
|........oooooo..|
|.............o..|
|.............ooo|
|..............*O|
|................|
|................|
|................|
|................|
+----------------+
tick=195  length=12  food eaten=9  interventions=3
laya proposed: down, executed: down
risk noul: 0.7601  food noul: 0.7027  probabilities: {"up":0.1756,"down":0.4588,"left":0.1911,"right":0.1744}
[2J[H+----------------+
|................|
|........o*......|
|........oooooo..|
|.............o..|
|.............ooo|
|..............Oo|
|................|
|................|
|................|
|................|
+----------------+
tick=196  length=13  food eaten=10  interventions=3
laya proposed: left, executed: left
risk noul: 0.7601  food noul: 0.7027  probabilities: {"up":0.119,"down":0.1098,"left":0.6136,"right":0.1576}
[2J[H+----------------+
|................|
|.........*......|
|........oooooo..|
|.............o..|
|.............ooo|
|.............Ooo|
|................|
|................|
|................|
|................|
+----------------+
tick=197  length=13  food eaten=10  interventions=3
laya proposed: left, executed: left
risk noul: 0.7601  food noul: 0.7027  probabilities: {"up":0.2095,"down":0.2787,"left":0.317,"right":0.1949}
[2J[H+----------------+
|................|
|.........*......|
|.........ooooo..|
|.............o..|
|.............ooo|
|............Oooo|
|................|
|................|
|................|
|................|
+----------------+
tick=198  length=13  food eaten=10  interventions=3
laya proposed: left, executed: left
risk noul: 0.7601  food noul: 0.7027  probabilities: {"up":0.2095,"down":0.2787,"left":0.317,"right":0.1949}
[2J[H+----------------+
|................|
|.........*......|
|..........oooo..|
|.............o..|
|.............ooo|
|............oooo|
|............O...|
|................|
|................|
|................|
+----------------+
tick=199  length=13  food eaten=10  interventions=3
laya proposed: down, executed: down
risk noul: 0.7601  food noul: 0.7027  probabilities: {"up":0.1271,"down":0.4201,"left":0.2622,"right":0.1906}
[2J[H+----------------+
|................|
|.........*......|
|...........ooo..|
|.............o..|
|.............ooo|
|............oooo|
|............oO..|
|................|
|................|
|................|
+----------------+
tick=200  length=13  food eaten=10  interventions=3
laya proposed: right, executed: right
risk noul: 0.7601  food noul: 0.7027  probabilities: {"up":0.2026,"down":0.3326,"left":0.1176,"right":0.3471}
[2J[H+----------------+
|................|
|.........*......|
|............oo..|
|.............o..|
|.............ooo|
|............oooo|
|............ooO.|
|................|
|................|
|................|
+----------------+
tick=201  length=13  food eaten=10  interventions=3
laya proposed: right, executed: right
risk noul: 0.7601  food noul: 0.7027  probabilities: {"up":0.2125,"down":0.246,"left":0.2607,"right":0.2808}
[2J[H+----------------+
|................|
|.........*......|
|.............o..|
|.............o..|
|.............ooo|
|............oooo|
|............oooO|
|................|
|................|
|................|
+----------------+
tick=202  length=13  food eaten=10  interventions=3
laya proposed: right, executed: right
risk noul: 0.7601  food noul: 0.7027  probabilities: {"up":0.2125,"down":0.246,"left":0.2607,"right":0.2808}
[2J[H+----------------+
|................|
|.........*......|
|................|
|.............o..|
|.............ooo|
|............oooo|
|............oooo|
|...............O|
|................|
|................|
+----------------+
tick=203  length=13  food eaten=10  interventions=3
laya proposed: down, executed: down
risk noul: 0.7601  food noul: 0.7027  probabilities: {"up":0.2184,"down":0.3199,"left":0.2468,"right":0.2149}
[2J[H+----------------+
|................|
|.........*......|
|................|
|................|
|.............ooo|
|............oooo|
|............oooo|
|..............Oo|
|................|
|................|
+----------------+
tick=204  length=13  food eaten=10  interventions=3
laya proposed: left, executed: left
risk noul: 0.7601  food noul: 0.7027  probabilities: {"up":0.2095,"down":0.2787,"left":0.317,"right":0.1949}
[2J[H+----------------+
|................|
|.........*......|
|................|
|................|
|..............oo|
|............oooo|
|............oooo|
|.............Ooo|
|................|
|................|
+----------------+
tick=205  length=13  food eaten=10  interventions=3
laya proposed: left, executed: left
risk noul: 0.7601  food noul: 0.7027  probabilities: {"up":0.2095,"down":0.2787,"left":0.317,"right":0.1949}
[2J[H+----------------+
|................|
|.........*......|
|................|
|................|
|...............o|
|............oooo|
|............oooo|
|............Oooo|
|................|
|................|
+----------------+
tick=206  length=13  food eaten=10  interventions=3
laya proposed: left, executed: left
risk noul: 0.7601  food noul: 0.7027  probabilities: {"up":0.2095,"down":0.2787,"left":0.317,"right":0.1949}
[2J[H+----------------+
|................|
|.........*......|
|................|
|................|
|................|
|............oooo|
|............oooo|
|...........Ooooo|
|................|
|................|
+----------------+
tick=207  length=13  food eaten=10  interventions=3
laya proposed: left, executed: left
risk noul: 0.7601  food noul: 0.7027  probabilities: {"up":0.2095,"down":0.2787,"left":0.317,"right":0.1949}
[2J[H+----------------+
|................|
|.........*......|
|................|
|................|
|................|
|............ooo.|
|............oooo|
|...........ooooo|
|...........O....|
|................|
+----------------+
tick=208  length=13  food eaten=10  interventions=3
laya proposed: down, executed: down
risk noul: 0.7601  food noul: 0.7027  probabilities: {"up":0.1271,"down":0.4201,"left":0.2622,"right":0.1906}
[2J[H+----------------+
|................|
|.........*......|
|................|
|................|
|................|
|............oo..|
|............oooo|
|...........ooooo|
|...........oO...|
|................|
+----------------+
tick=209  length=13  food eaten=10  interventions=3
laya proposed: right, executed: right
risk noul: 0.7601  food noul: 0.7027  probabilities: {"up":0.2026,"down":0.3326,"left":0.1176,"right":0.3471}
[2J[H+----------------+
|................|
|.........*......|
|................|
|................|
|................|
|............o...|
|............oooo|
|...........ooooo|
|...........ooO..|
|................|
+----------------+
tick=210  length=13  food eaten=10  interventions=3
laya proposed: right, executed: right
risk noul: 0.7601  food noul: 0.7027  probabilities: {"up":0.2125,"down":0.246,"left":0.2607,"right":0.2808}
[2J[H+----------------+
|................|
|.........*......|
|................|
|................|
|................|
|................|
|............oooo|
|...........ooooo|
|...........oooO.|
|................|
+----------------+
tick=211  length=13  food eaten=10  interventions=3
laya proposed: right, executed: right
risk noul: 0.7601  food noul: 0.7027  probabilities: {"up":0.2125,"down":0.246,"left":0.2607,"right":0.2808}
[2J[H+----------------+
|................|
|.........*......|
|................|
|................|
|................|
|................|
|.............ooo|
|...........ooooo|
|...........ooooO|
|................|
+----------------+
tick=212  length=13  food eaten=10  interventions=3
laya proposed: right, executed: right
risk noul: 0.7601  food noul: 0.7027  probabilities: {"up":0.2125,"down":0.246,"left":0.2607,"right":0.2808}
[2J[H+----------------+
|................|
|.........*......|
|................|
|................|
|................|
|................|
|..............oo|
|...........ooooo|
|...........ooooo|
|...............O|
+----------------+
tick=213  length=13  food eaten=10  interventions=3
laya proposed: down, executed: down
risk noul: 0.7601  food noul: 0.7027  probabilities: {"up":0.2184,"down":0.3199,"left":0.2468,"right":0.2149}
[2J[H+----------------+
|................|
|.........*......|
|................|
|................|
|................|
|................|
|...............o|
|...........ooooo|
|...........ooooo|
|..............Oo|
+----------------+
tick=214  length=13  food eaten=10  interventions=3
laya proposed: left, executed: left
risk noul: 0.7601  food noul: 0.7027  probabilities: {"up":0.1707,"down":0.2211,"left":0.4181,"right":0.1901}
[2J[H+----------------+
|................|
|.........*......|
|................|
|................|
|................|
|................|
|................|
|...........ooooo|
|...........ooooo|
|.............Ooo|
+----------------+
tick=215  length=13  food eaten=10  interventions=3
laya proposed: left, executed: left
risk noul: 0.7601  food noul: 0.7027  probabilities: {"up":0.1707,"down":0.2211,"left":0.4181,"right":0.1901}
[2J[H+----------------+
|................|
|.........*......|
|................|
|................|
|................|
|................|
|................|
|...........oooo.|
|...........ooooo|
|............Oooo|
+----------------+
tick=216  length=13  food eaten=10  interventions=3
laya proposed: left, executed: left
risk noul: 0.7601  food noul: 0.7027  probabilities: {"up":0.1707,"down":0.2211,"left":0.4181,"right":0.1901}
[2J[H+----------------+
|................|
|.........*......|
|................|
|................|
|................|
|................|
|................|
|...........ooo..|
|...........ooooo|
|...........Ooooo|
+----------------+
tick=217  length=13  food eaten=10  interventions=3
laya proposed: left, executed: left
risk noul: 0.7601  food noul: 0.7027  probabilities: {"up":0.1707,"down":0.2211,"left":0.4181,"right":0.1901}
[2J[H+----------------+
|................|
|.........*......|
|................|
|................|
|................|
|................|
|................|
|...........oo...|
|...........ooooo|
|..........Oooooo|
+----------------+
tick=218  length=13  food eaten=10  interventions=3
laya proposed: left, executed: left
risk noul: 0.7601  food noul: 0.7027  probabilities: {"up":0.1707,"down":0.2211,"left":0.4181,"right":0.1901}
[2J[H+----------------+
|................|
|.........*......|
|................|
|................|
|................|
|................|
|................|
|...........o....|
|...........ooooo|
|.........Ooooooo|
+----------------+
tick=219  length=13  food eaten=10  interventions=3
laya proposed: left, executed: left
risk noul: 0.7601  food noul: 0.7027  probabilities: {"up":0.1198,"down":0.2742,"left":0.439,"right":0.1671}
[2J[H+----------------+
|................|
|.........*......|
|................|
|................|
|................|
|................|
|................|
|................|
|...........ooooo|
|........Oooooooo|
+----------------+
tick=220  length=13  food eaten=10  interventions=3
laya proposed: left, executed: left
risk noul: 0.7601  food noul: 0.7027  probabilities: {"up":0.1198,"down":0.2742,"left":0.439,"right":0.1671}
[2J[H+----------------+
|................|
|.........*......|
|................|
|................|
|................|
|................|
|................|
|................|
|............oooo|
|.......Ooooooooo|
+----------------+
tick=221  length=13  food eaten=10  interventions=3
laya proposed: left, executed: left
risk noul: 0.7601  food noul: 0.7027  probabilities: {"up":0.1198,"down":0.2742,"left":0.439,"right":0.1671}
[2J[H+----------------+
|................|
|.........*......|
|................|
|................|
|................|
|................|
|................|
|................|
|.............ooo|
|......Oooooooooo|
+----------------+
tick=222  length=13  food eaten=10  interventions=3
laya proposed: left, executed: left
risk noul: 0.7601  food noul: 0.7027  probabilities: {"up":0.1198,"down":0.2742,"left":0.439,"right":0.1671}
[2J[H+----------------+
|................|
|.........*......|
|................|
|................|
|................|
|................|
|................|
|................|
|..............oo|
|.....Ooooooooooo|
+----------------+
tick=223  length=13  food eaten=10  interventions=3
laya proposed: left, executed: left
risk noul: 0.7601  food noul: 0.7027  probabilities: {"up":0.1198,"down":0.2742,"left":0.439,"right":0.1671}
[2J[H+----------------+
|................|
|.........*......|
|................|
|................|
|................|
|................|
|................|
|................|
|...............o|
|....Oooooooooooo|
+----------------+
tick=224  length=13  food eaten=10  interventions=3
laya proposed: left, executed: left
risk noul: 0.7601  food noul: 0.7027  probabilities: {"up":0.1198,"down":0.2742,"left":0.439,"right":0.1671}
[2J[H+----------------+
|................|
|.........*......|
|................|
|................|
|................|
|................|
|................|
|................|
|................|
|...Ooooooooooooo|
+----------------+
tick=225  length=13  food eaten=10  interventions=3
laya proposed: left, executed: left
risk noul: 0.7601  food noul: 0.7027  probabilities: {"up":0.1198,"down":0.2742,"left":0.439,"right":0.1671}
[2J[H+----------------+
|................|
|.........*......|
|................|
|................|
|................|
|................|
|................|
|................|
|................|
|..Ooooooooooooo.|
+----------------+
tick=226  length=13  food eaten=10  interventions=3
laya proposed: left, executed: left
risk noul: 0.7601  food noul: 0.7027  probabilities: {"up":0.1198,"down":0.2742,"left":0.439,"right":0.1671}
[2J[H+----------------+
|................|
|.........*......|
|................|
|................|
|................|
|................|
|................|
|................|
|................|
|.Ooooooooooooo..|
+----------------+
tick=227  length=13  food eaten=10  interventions=3
laya proposed: left, executed: left
risk noul: 0.7601  food noul: 0.7027  probabilities: {"up":0.1198,"down":0.2742,"left":0.439,"right":0.1671}
[2J[H+----------------+
|................|
|.........*......|
|................|
|................|
|................|
|................|
|................|
|................|
|................|
|Ooooooooooooo...|
+----------------+
tick=228  length=13  food eaten=10  interventions=3
laya proposed: left, executed: left
risk noul: 0.7601  food noul: 0.7027  probabilities: {"up":0.1198,"down":0.2742,"left":0.439,"right":0.1671}
[2J[H+----------------+
|................|
|.........*......|
|................|
|................|
|................|
|................|
|................|
|................|
|O...............|
|oooooooooooo....|
+----------------+
tick=229  length=13  food eaten=10  interventions=3
laya proposed: up, executed: up
risk noul: 0.7601  food noul: 0.7027  probabilities: {"up":0.5595,"down":0.2428,"left":0.1026,"right":0.0951}
[2J[H+----------------+
|................|
|.........*......|
|................|
|................|
|................|
|................|
|................|
|O...............|
|o...............|
|ooooooooooo.....|
+----------------+
tick=230  length=13  food eaten=10  interventions=3
laya proposed: up, executed: up
risk noul: 0.7601  food noul: 0.7027  probabilities: {"up":0.5843,"down":0.2023,"left":0.073,"right":0.1403}
[2J[H+----------------+
|................|
|.........*......|
|................|
|................|
|................|
|................|
|O...............|
|o...............|
|o...............|
|oooooooooo......|
+----------------+
tick=231  length=13  food eaten=10  interventions=3
laya proposed: up, executed: up
risk noul: 0.7601  food noul: 0.7027  probabilities: {"up":0.5843,"down":0.2023,"left":0.073,"right":0.1403}
[2J[H+----------------+
|................|
|.........*......|
|................|
|................|
|................|
|O...............|
|o...............|
|o...............|
|o...............|
|ooooooooo.......|
+----------------+
tick=232  length=13  food eaten=10  interventions=3
laya proposed: up, executed: up
risk noul: 0.7601  food noul: 0.7027  probabilities: {"up":0.5843,"down":0.2023,"left":0.073,"right":0.1403}
[2J[H+----------------+
|................|
|.........*......|
|................|
|................|
|O...............|
|o...............|
|o...............|
|o...............|
|o...............|
|oooooooo........|
+----------------+
tick=233  length=13  food eaten=10  interventions=3
laya proposed: up, executed: up
risk noul: 0.7601  food noul: 0.7027  probabilities: {"up":0.5843,"down":0.2023,"left":0.073,"right":0.1403}
[2J[H+----------------+
|................|
|.........*......|
|................|
|O...............|
|o...............|
|o...............|
|o...............|
|o...............|
|o...............|
|ooooooo.........|
+----------------+
tick=234  length=13  food eaten=10  interventions=3
laya proposed: up, executed: up
risk noul: 0.7601  food noul: 0.7027  probabilities: {"up":0.5843,"down":0.2023,"left":0.073,"right":0.1403}
[2J[H+----------------+
|................|
|.........*......|
|O...............|
|o...............|
|o...............|
|o...............|
|o...............|
|o...............|
|o...............|
|oooooo..........|
+----------------+
tick=235  length=13  food eaten=10  interventions=3
laya proposed: up, executed: up
risk noul: 0.7601  food noul: 0.7027  probabilities: {"up":0.5843,"down":0.2023,"left":0.073,"right":0.1403}
[2J[H+----------------+
|................|
|O........*......|
|o...............|
|o...............|
|o...............|
|o...............|
|o...............|
|o...............|
|o...............|
|ooooo...........|
+----------------+
tick=236  length=13  food eaten=10  interventions=3
laya proposed: up, executed: up
risk noul: 0.7601  food noul: 0.7027  probabilities: {"up":0.5843,"down":0.2023,"left":0.073,"right":0.1403}
[2J[H+----------------+
|O...............|
|o........*......|
|o...............|
|o...............|
|o...............|
|o...............|
|o...............|
|o...............|
|o...............|
|oooo............|
+----------------+
tick=237  length=13  food eaten=10  interventions=3
laya proposed: up, executed: up
risk noul: 0.7601  food noul: 0.7027  probabilities: {"up":0.5843,"down":0.2023,"left":0.073,"right":0.1403}
[2J[H+----------------+
|oO..............|
|o........*......|
|o...............|
|o...............|
|o...............|
|o...............|
|o...............|
|o...............|
|o...............|
|ooo.............|
+----------------+
tick=238  length=13  food eaten=10  interventions=3
laya proposed: right, executed: right
risk noul: 0.7601  food noul: 0.7027  probabilities: {"up":0.1224,"down":0.212,"left":0.1544,"right":0.5112}
[2J[H+----------------+
|ooO.............|
|o........*......|
|o...............|
|o...............|
|o...............|
|o...............|
|o...............|
|o...............|
|o...............|
|oo..............|
+----------------+
tick=239  length=13  food eaten=10  interventions=3
laya proposed: right, executed: right
risk noul: 0.7601  food noul: 0.7027  probabilities: {"up":0.1685,"down":0.1829,"left":0.178,"right":0.4707}
[2J[H+----------------+
|oooO............|
|o........*......|
|o...............|
|o...............|
|o...............|
|o...............|
|o...............|
|o...............|
|o...............|
|o...............|
+----------------+
tick=240  length=13  food eaten=10  interventions=3
laya proposed: right, executed: right
risk noul: 0.7601  food noul: 0.7027  probabilities: {"up":0.1685,"down":0.1829,"left":0.178,"right":0.4707}
[2J[H+----------------+
|ooooO...........|
|o........*......|
|o...............|
|o...............|
|o...............|
|o...............|
|o...............|
|o...............|
|o...............|
|................|
+----------------+
tick=241  length=13  food eaten=10  interventions=3
laya proposed: right, executed: right
risk noul: 0.7601  food noul: 0.7027  probabilities: {"up":0.1685,"down":0.1829,"left":0.178,"right":0.4707}
[2J[H+----------------+
|oooooO..........|
|o........*......|
|o...............|
|o...............|
|o...............|
|o...............|
|o...............|
|o...............|
|................|
|................|
+----------------+
tick=242  length=13  food eaten=10  interventions=3
laya proposed: right, executed: right
risk noul: 0.7601  food noul: 0.7027  probabilities: {"up":0.1685,"down":0.1829,"left":0.178,"right":0.4707}
[2J[H+----------------+
|ooooooO.........|
|o........*......|
|o...............|
|o...............|
|o...............|
|o...............|
|o...............|
|................|
|................|
|................|
+----------------+
tick=243  length=13  food eaten=10  interventions=3
laya proposed: right, executed: right
risk noul: 0.7601  food noul: 0.7027  probabilities: {"up":0.1685,"down":0.1829,"left":0.178,"right":0.4707}
[2J[H+----------------+
|oooooooO........|
|o........*......|
|o...............|
|o...............|
|o...............|
|o...............|
|................|
|................|
|................|
|................|
+----------------+
tick=244  length=13  food eaten=10  interventions=3
laya proposed: right, executed: right
risk noul: 0.7601  food noul: 0.7027  probabilities: {"up":0.1685,"down":0.1829,"left":0.178,"right":0.4707}
[2J[H+----------------+
|ooooooooO.......|
|o........*......|
|o...............|
|o...............|
|o...............|
|................|
|................|
|................|
|................|
|................|
+----------------+
tick=245  length=13  food eaten=10  interventions=3
laya proposed: right, executed: right
risk noul: 0.7601  food noul: 0.7027  probabilities: {"up":0.1685,"down":0.1829,"left":0.178,"right":0.4707}
[2J[H+----------------+
|oooooooooO......|
|o........*......|
|o...............|
|o...............|
|................|
|................|
|................|
|................|
|................|
|................|
+----------------+
tick=246  length=13  food eaten=10  interventions=3
laya proposed: right, executed: right
risk noul: 0.7601  food noul: 0.7027  probabilities: {"up":0.1685,"down":0.1829,"left":0.178,"right":0.4707}
[2J[H+----------------+
|ooooooooooO.....|
|o........*......|
|o...............|
|................|
|................|
|................|
|................|
|................|
|................|
|................|
+----------------+
tick=247  length=13  food eaten=10  interventions=4
laya proposed: left, executed: right (intervened)
risk noul: 0.7601  food noul: 0.7027  probabilities: {"up":0.1841,"down":0.1864,"left":0.36,"right":0.2695}
[2J[H+----------------+
|oooooooooooO....|
|o........*......|
|................|
|................|
|................|
|................|
|................|
|................|
|................|
|................|
+----------------+
tick=248  length=13  food eaten=10  interventions=4
laya proposed: right, executed: right
risk noul: 0.7601  food noul: 0.7027  probabilities: {"up":0.2125,"down":0.246,"left":0.2607,"right":0.2808}
[2J[H+----------------+
|ooooooooooooO...|
|.........*......|
|................|
|................|
|................|
|................|
|................|
|................|
|................|
|................|
+----------------+
tick=249  length=13  food eaten=10  interventions=4
laya proposed: right, executed: right
risk noul: 0.7601  food noul: 0.7027  probabilities: {"up":0.2125,"down":0.246,"left":0.2607,"right":0.2808}
[2J[H+----------------+
|.ooooooooooooO..|
|.........*......|
|................|
|................|
|................|
|................|
|................|
|................|
|................|
|................|
+----------------+
tick=250  length=13  food eaten=10  interventions=4
laya proposed: right, executed: right
risk noul: 0.7601  food noul: 0.7027  probabilities: {"up":0.2125,"down":0.246,"left":0.2607,"right":0.2808}
[2J[H+----------------+
|..ooooooooooooO.|
|.........*......|
|................|
|................|
|................|
|................|
|................|
|................|
|................|
|................|
+----------------+
tick=251  length=13  food eaten=10  interventions=4
laya proposed: right, executed: right
risk noul: 0.7601  food noul: 0.7027  probabilities: {"up":0.2125,"down":0.246,"left":0.2607,"right":0.2808}
[2J[H+----------------+
|...ooooooooooooO|
|.........*......|
|................|
|................|
|................|
|................|
|................|
|................|
|................|
|................|
+----------------+
tick=252  length=13  food eaten=10  interventions=4
laya proposed: right, executed: right
risk noul: 0.7601  food noul: 0.7027  probabilities: {"up":0.2125,"down":0.246,"left":0.2607,"right":0.2808}
[2J[H+----------------+
|....oooooooooooo|
|.........*.....O|
|................|
|................|
|................|
|................|
|................|
|................|
|................|
|................|
+----------------+
tick=253  length=13  food eaten=10  interventions=4
laya proposed: down, executed: down
risk noul: 0.7601  food noul: 0.7027  probabilities: {"up":0.2184,"down":0.3199,"left":0.2468,"right":0.2149}
[2J[H+----------------+
|.....ooooooooooo|
|.........*....Oo|
|................|
|................|
|................|
|................|
|................|
|................|
|................|
|................|
+----------------+
tick=254  length=13  food eaten=10  interventions=4
laya proposed: left, executed: left
risk noul: 0.7601  food noul: 0.7027  probabilities: {"up":0.2036,"down":0.198,"left":0.3799,"right":0.2185}
[2J[H+----------------+
|......oooooooooo|
|.........*...Ooo|
|................|
|................|
|................|
|................|
|................|
|................|
|................|
|................|
+----------------+
tick=255  length=13  food eaten=10  interventions=4
laya proposed: left, executed: left
risk noul: 0.7601  food noul: 0.7027  probabilities: {"up":0.2036,"down":0.198,"left":0.3799,"right":0.2185}
[2J[H+----------------+
|.......ooooooooo|
|.........*..Oooo|
|................|
|................|
|................|
|................|
|................|
|................|
|................|
|................|
+----------------+
tick=256  length=13  food eaten=10  interventions=4
laya proposed: left, executed: left
risk noul: 0.7601  food noul: 0.7027  probabilities: {"up":0.2036,"down":0.198,"left":0.3799,"right":0.2185}
[2J[H+----------------+
|........oooooooo|
|.........*.Ooooo|
|................|
|................|
|................|
|................|
|................|
|................|
|................|
|................|
+----------------+
tick=257  length=13  food eaten=10  interventions=4
laya proposed: left, executed: left
risk noul: 0.7601  food noul: 0.7027  probabilities: {"up":0.2036,"down":0.198,"left":0.3799,"right":0.2185}
[2J[H+----------------+
|.........ooooooo|
|.........*Oooooo|
|................|
|................|
|................|
|................|
|................|
|................|
|................|
|................|
+----------------+
tick=258  length=13  food eaten=10  interventions=4
laya proposed: left, executed: left
risk noul: 0.7601  food noul: 0.7027  probabilities: {"up":0.2036,"down":0.198,"left":0.3799,"right":0.2185}
[2J[H+----------------+
|.........ooooooo|
|...*.....Ooooooo|
|................|
|................|
|................|
|................|
|................|
|................|
|................|
|................|
+----------------+
tick=259  length=14  food eaten=11  interventions=4
laya proposed: left, executed: left
risk noul: 0.7601  food noul: 0.7027  probabilities: {"up":0.119,"down":0.1098,"left":0.6136,"right":0.1576}
[2J[H+----------------+
|..........oooooo|
|...*....Oooooooo|
|................|
|................|
|................|
|................|
|................|
|................|
|................|
|................|
+----------------+
tick=260  length=14  food eaten=11  interventions=4
laya proposed: left, executed: left
risk noul: 0.7601  food noul: 0.7027  probabilities: {"up":0.1387,"down":0.1654,"left":0.5075,"right":0.1885}
[2J[H+----------------+
|...........ooooo|
|...*...Ooooooooo|
|................|
|................|
|................|
|................|
|................|
|................|
|................|
|................|
+----------------+
tick=261  length=14  food eaten=11  interventions=4
laya proposed: left, executed: left
risk noul: 0.7601  food noul: 0.7027  probabilities: {"up":0.1387,"down":0.1654,"left":0.5075,"right":0.1885}
[2J[H+----------------+
|............oooo|
|...*..Oooooooooo|
|................|
|................|
|................|
|................|
|................|
|................|
|................|
|................|
+----------------+
tick=262  length=14  food eaten=11  interventions=4
laya proposed: left, executed: left
risk noul: 0.7601  food noul: 0.7027  probabilities: {"up":0.1387,"down":0.1654,"left":0.5075,"right":0.1885}
[2J[H+----------------+
|.............ooo|
|...*.Ooooooooooo|
|................|
|................|
|................|
|................|
|................|
|................|
|................|
|................|
+----------------+
tick=263  length=14  food eaten=11  interventions=4
laya proposed: left, executed: left
risk noul: 0.7601  food noul: 0.7027  probabilities: {"up":0.1387,"down":0.1654,"left":0.5075,"right":0.1885}
[2J[H+----------------+
|..............oo|
|...*Oooooooooooo|
|................|
|................|
|................|
|................|
|................|
|................|
|................|
|................|
+----------------+
tick=264  length=14  food eaten=11  interventions=4
laya proposed: left, executed: left
risk noul: 0.7601  food noul: 0.7027  probabilities: {"up":0.1387,"down":0.1654,"left":0.5075,"right":0.1885}
[2J[H+----------------+
|........*.....oo|
|...Ooooooooooooo|
|................|
|................|
|................|
|................|
|................|
|................|
|................|
|................|
+----------------+
tick=265  length=15  food eaten=12  interventions=4
laya proposed: left, executed: left
risk noul: 0.7601  food noul: 0.7027  probabilities: {"up":0.1408,"down":0.1285,"left":0.5539,"right":0.1768}
[2J[H+----------------+
|........*......o|
|...ooooooooooooo|
|...O............|
|................|
|................|
|................|
|................|
|................|
|................|
|................|
+----------------+
tick=266  length=15  food eaten=12  interventions=4
laya proposed: down, executed: down
risk noul: 0.7601  food noul: 0.7027  probabilities: {"up":0.2625,"down":0.3081,"left":0.2307,"right":0.1987}
[2J[H+----------------+
|........*.......|
|...ooooooooooooo|
|...oO...........|
|................|
|................|
|................|
|................|
|................|
|................|
|................|
+----------------+
tick=267  length=15  food eaten=12  interventions=4
laya proposed: right, executed: right
risk noul: 0.7601  food noul: 0.7027  probabilities: {"up":0.2026,"down":0.3326,"left":0.1176,"right":0.3471}
[2J[H+----------------+
|........*.......|
|...oooooooooooo.|
|...ooO..........|
|................|
|................|
|................|
|................|
|................|
|................|
|................|
+----------------+
tick=268  length=15  food eaten=12  interventions=4
laya proposed: right, executed: right
risk noul: 0.7601  food noul: 0.7027  probabilities: {"up":0.2125,"down":0.246,"left":0.2607,"right":0.2808}
[2J[H+----------------+
|........*.......|
|...ooooooooooo..|
|...oooO.........|
|................|
|................|
|................|
|................|
|................|
|................|
|................|
+----------------+
tick=269  length=15  food eaten=12  interventions=4
laya proposed: right, executed: right
risk noul: 0.7601  food noul: 0.7027  probabilities: {"up":0.2125,"down":0.246,"left":0.2607,"right":0.2808}
[2J[H+----------------+
|........*.......|
|...oooooooooo...|
|...ooooO........|
|................|
|................|
|................|
|................|
|................|
|................|
|................|
+----------------+
tick=270  length=15  food eaten=12  interventions=4
laya proposed: right, executed: right
risk noul: 0.7601  food noul: 0.7027  probabilities: {"up":0.2125,"down":0.246,"left":0.2607,"right":0.2808}
[2J[H+----------------+
|........*.......|
|...ooooooooo....|
|...oooooO.......|
|................|
|................|
|................|
|................|
|................|
|................|
|................|
+----------------+
tick=271  length=15  food eaten=12  interventions=4
laya proposed: right, executed: right
risk noul: 0.7601  food noul: 0.7027  probabilities: {"up":0.2125,"down":0.246,"left":0.2607,"right":0.2808}
[2J[H+----------------+
|........*.......|
|...oooooooo.....|
|...ooooooO......|
|................|
|................|
|................|
|................|
|................|
|................|
|................|
+----------------+
tick=272  length=15  food eaten=12  interventions=4
laya proposed: right, executed: right
risk noul: 0.7601  food noul: 0.7027  probabilities: {"up":0.2125,"down":0.246,"left":0.2607,"right":0.2808}
[2J[H+----------------+
|........*.......|
|...ooooooo......|
|...oooooooO.....|
|................|
|................|
|................|
|................|
|................|
|................|
|................|
+----------------+
tick=273  length=15  food eaten=12  interventions=4
laya proposed: right, executed: right
risk noul: 0.7601  food noul: 0.7027  probabilities: {"up":0.2125,"down":0.246,"left":0.2607,"right":0.2808}
[2J[H+----------------+
|........*.......|
|...oooooo.......|
|...oooooooo.....|
|..........O.....|
|................|
|................|
|................|
|................|
|................|
|................|
+----------------+
tick=274  length=15  food eaten=12  interventions=4
laya proposed: down, executed: down
risk noul: 0.7601  food noul: 0.7027  probabilities: {"up":0.1372,"down":0.3537,"left":0.1893,"right":0.3198}
[2J[H+----------------+
|........*.......|
|...ooooo........|
|...oooooooo.....|
|..........o.....|
|..........O.....|
|................|
|................|
|................|
|................|
|................|
+----------------+
tick=275  length=15  food eaten=12  interventions=4
laya proposed: down, executed: down
risk noul: 0.7601  food noul: 0.7027  probabilities: {"up":0.2065,"down":0.3995,"left":0.2336,"right":0.1605}
[2J[H+----------------+
|........*.......|
|...oooo.........|
|...oooooooo.....|
|..........o.....|
|..........oO....|
|................|
|................|
|................|
|................|
|................|
+----------------+
tick=276  length=15  food eaten=12  interventions=4
laya proposed: right, executed: right
risk noul: 0.7601  food noul: 0.7027  probabilities: {"up":0.2026,"down":0.3326,"left":0.1176,"right":0.3471}
[2J[H+----------------+
|........*.......|
|...ooo..........|
|...oooooooo.....|
|..........o.....|
|..........oo....|
|...........O....|
|................|
|................|
|................|
|................|
+----------------+
tick=277  length=15  food eaten=12  interventions=4
laya proposed: down, executed: down
risk noul: 0.7601  food noul: 0.7027  probabilities: {"up":0.1372,"down":0.3537,"left":0.1893,"right":0.3198}
[2J[H+----------------+
|........*.......|
|...oo...........|
|...oooooooo.....|
|..........o.....|
|..........oo....|
|...........o....|
|...........O....|
|................|
|................|
|................|
+----------------+
tick=278  length=15  food eaten=12  interventions=4
laya proposed: down, executed: down
risk noul: 0.7601  food noul: 0.7027  probabilities: {"up":0.2065,"down":0.3995,"left":0.2336,"right":0.1605}
[2J[H+----------------+
|........*.......|
|...o............|
|...oooooooo.....|
|..........o.....|
|..........oo....|
|...........o....|
|...........oO...|
|................|
|................|
|................|
+----------------+
tick=279  length=15  food eaten=12  interventions=4
laya proposed: right, executed: right
risk noul: 0.7601  food noul: 0.7027  probabilities: {"up":0.2026,"down":0.3326,"left":0.1176,"right":0.3471}
[2J[H+----------------+
|........*.......|
|................|
|...oooooooo.....|
|..........o.....|
|..........oo....|
|...........o....|
|...........oo...|
|............O...|
|................|
|................|
+----------------+
tick=280  length=15  food eaten=12  interventions=4
laya proposed: down, executed: down
risk noul: 0.7601  food noul: 0.7027  probabilities: {"up":0.1372,"down":0.3537,"left":0.1893,"right":0.3198}
[2J[H+----------------+
|........*.......|
|................|
|....ooooooo.....|
|..........o.....|
|..........oo....|
|...........o....|
|...........oo...|
|............o...|
|............O...|
|................|
+----------------+
tick=281  length=15  food eaten=12  interventions=4
laya proposed: down, executed: down
risk noul: 0.7601  food noul: 0.7027  probabilities: {"up":0.2065,"down":0.3995,"left":0.2336,"right":0.1605}
[2J[H+----------------+
|........*.......|
|................|
|.....oooooo.....|
|..........o.....|
|..........oo....|
|...........o....|
|...........oo...|
|............o...|
|............oO..|
|................|
+----------------+
tick=282  length=15  food eaten=12  interventions=4
laya proposed: right, executed: right
risk noul: 0.7601  food noul: 0.7027  probabilities: {"up":0.2026,"down":0.3326,"left":0.1176,"right":0.3471}
[2J[H+----------------+
|........*.......|
|................|
|......ooooo.....|
|..........o.....|
|..........oo....|
|...........o....|
|...........oo...|
|............o...|
|............oo..|
|.............O..|
+----------------+
tick=283  length=15  food eaten=12  interventions=4
laya proposed: down, executed: down
risk noul: 0.7601  food noul: 0.7027  probabilities: {"up":0.1372,"down":0.3537,"left":0.1893,"right":0.3198}
[2J[H+----------------+
|........*.......|
|................|
|.......oooo.....|
|..........o.....|
|..........oo....|
|...........o....|
|...........oo...|
|............o...|
|............oo..|
|............Oo..|
+----------------+
tick=284  length=15  food eaten=12  interventions=4
laya proposed: left, executed: left
risk noul: 0.7601  food noul: 0.7027  probabilities: {"up":0.1574,"down":0.1974,"left":0.5081,"right":0.1371}
[2J[H+----------------+
|........*.......|
|................|
|........ooo.....|
|..........o.....|
|..........oo....|
|...........o....|
|...........oo...|
|............o...|
|............oo..|
|...........Ooo..|
+----------------+
tick=285  length=15  food eaten=12  interventions=4
laya proposed: left, executed: left
risk noul: 0.7601  food noul: 0.7027  probabilities: {"up":0.1707,"down":0.2211,"left":0.4181,"right":0.1901}
[2J[H+----------------+
|........*.......|
|................|
|.........oo.....|
|..........o.....|
|..........oo....|
|...........o....|
|...........oo...|
|............o...|
|............oo..|
|..........Oooo..|
+----------------+
tick=286  length=15  food eaten=12  interventions=4
laya proposed: left, executed: left
risk noul: 0.7601  food noul: 0.7027  probabilities: {"up":0.1198,"down":0.2742,"left":0.439,"right":0.1671}
[2J[H+----------------+
|........*.......|
|................|
|..........o.....|
|..........o.....|
|..........oo....|
|...........o....|
|...........oo...|
|............o...|
|............oo..|
|.........Ooooo..|
+----------------+
tick=287  length=15  food eaten=12  interventions=4
laya proposed: left, executed: left
risk noul: 0.7601  food noul: 0.7027  probabilities: {"up":0.1198,"down":0.2742,"left":0.439,"right":0.1671}
[2J[H+----------------+
|........*.......|
|................|
|................|
|..........o.....|
|..........oo....|
|...........o....|
|...........oo...|
|............o...|
|............oo..|
|........Oooooo..|
+----------------+
tick=288  length=15  food eaten=12  interventions=4
laya proposed: left, executed: left
risk noul: 0.7601  food noul: 0.7027  probabilities: {"up":0.1198,"down":0.2742,"left":0.439,"right":0.1671}
[2J[H+----------------+
|........*.......|
|................|
|................|
|................|
|..........oo....|
|...........o....|
|...........oo...|
|............o...|
|............oo..|
|.......Ooooooo..|
+----------------+
tick=289  length=15  food eaten=12  interventions=4
laya proposed: left, executed: left
risk noul: 0.7601  food noul: 0.7027  probabilities: {"up":0.1198,"down":0.2742,"left":0.439,"right":0.1671}
[2J[H+----------------+
|........*.......|
|................|
|................|
|................|
|...........o....|
|...........o....|
|...........oo...|
|............o...|
|............oo..|
|......Oooooooo..|
+----------------+
tick=290  length=15  food eaten=12  interventions=4
laya proposed: left, executed: left
risk noul: 0.7601  food noul: 0.7027  probabilities: {"up":0.1198,"down":0.2742,"left":0.439,"right":0.1671}
[2J[H+----------------+
|........*.......|
|................|
|................|
|................|
|................|
|...........o....|
|...........oo...|
|............o...|
|............oo..|
|.....Ooooooooo..|
+----------------+
tick=291  length=15  food eaten=12  interventions=4
laya proposed: left, executed: left
risk noul: 0.7601  food noul: 0.7027  probabilities: {"up":0.1198,"down":0.2742,"left":0.439,"right":0.1671}
[2J[H+----------------+
|........*.......|
|................|
|................|
|................|
|................|
|................|
|...........oo...|
|............o...|
|............oo..|
|....Oooooooooo..|
+----------------+
tick=292  length=15  food eaten=12  interventions=4
laya proposed: left, executed: left
risk noul: 0.7601  food noul: 0.7027  probabilities: {"up":0.1198,"down":0.2742,"left":0.439,"right":0.1671}
[2J[H+----------------+
|........*.......|
|................|
|................|
|................|
|................|
|................|
|............o...|
|............o...|
|............oo..|
|...Ooooooooooo..|
+----------------+
tick=293  length=15  food eaten=12  interventions=4
laya proposed: left, executed: left
risk noul: 0.7601  food noul: 0.7027  probabilities: {"up":0.1198,"down":0.2742,"left":0.439,"right":0.1671}
[2J[H+----------------+
|........*.......|
|................|
|................|
|................|
|................|
|................|
|................|
|............o...|
|............oo..|
|..Oooooooooooo..|
+----------------+
tick=294  length=15  food eaten=12  interventions=4
laya proposed: left, executed: left
risk noul: 0.7601  food noul: 0.7027  probabilities: {"up":0.1198,"down":0.2742,"left":0.439,"right":0.1671}
[2J[H+----------------+
|........*.......|
|................|
|................|
|................|
|................|
|................|
|................|
|................|
|............oo..|
|.Ooooooooooooo..|
+----------------+
tick=295  length=15  food eaten=12  interventions=4
laya proposed: left, executed: left
risk noul: 0.7601  food noul: 0.7027  probabilities: {"up":0.1198,"down":0.2742,"left":0.439,"right":0.1671}
[2J[H+----------------+
|........*.......|
|................|
|................|
|................|
|................|
|................|
|................|
|................|
|.............o..|
|Oooooooooooooo..|
+----------------+
tick=296  length=15  food eaten=12  interventions=4
laya proposed: left, executed: left
risk noul: 0.7601  food noul: 0.7027  probabilities: {"up":0.1198,"down":0.2742,"left":0.439,"right":0.1671}
[2J[H+----------------+
|........*.......|
|................|
|................|
|................|
|................|
|................|
|................|
|................|
|O...............|
|oooooooooooooo..|
+----------------+
tick=297  length=15  food eaten=12  interventions=4
laya proposed: up, executed: up
risk noul: 0.7601  food noul: 0.7027  probabilities: {"up":0.5595,"down":0.2428,"left":0.1026,"right":0.0951}
[2J[H+----------------+
|........*.......|
|................|
|................|
|................|
|................|
|................|
|................|
|O...............|
|o...............|
|ooooooooooooo...|
+----------------+
tick=298  length=15  food eaten=12  interventions=4
laya proposed: up, executed: up
risk noul: 0.7601  food noul: 0.7027  probabilities: {"up":0.5843,"down":0.2023,"left":0.073,"right":0.1403}
[2J[H+----------------+
|........*.......|
|................|
|................|
|................|
|................|
|................|
|O...............|
|o...............|
|o...............|
|oooooooooooo....|
+----------------+
tick=299  length=15  food eaten=12  interventions=4
laya proposed: up, executed: up
risk noul: 0.7601  food noul: 0.7027  probabilities: {"up":0.5843,"down":0.2023,"left":0.073,"right":0.1403}
[2J[H+----------------+
|........*.......|
|................|
|................|
|................|
|................|
|O...............|
|o...............|
|o...............|
|o...............|
|ooooooooooo.....|
+----------------+
tick=300  length=15  food eaten=12  interventions=4
laya proposed: up, executed: up
risk noul: 0.7601  food noul: 0.7027  probabilities: {"up":0.5843,"down":0.2023,"left":0.073,"right":0.1403}

Survived 300 ticks. length=15  food eaten=12  interventions=4
